tombstone_code,tombstone_link
MGL 1,https://sfira.org/tombstone/view?id=5393
MGL 2,https://sfira.org/tombstone/view?id=5394
MGL 3,https://sfira.org/tombstone/view?id=5395
MGL 4,https://sfira.org/tombstone/view?id=5396
MGL 5,https://sfira.org/tombstone/view?id=5397
MGL 6,https://sfira.org/tombstone/view?id=5398
MGL 7,https://sfira.org/tombstone/view?id=5399
MGL 8,https://sfira.org/tombstone/view?id=5400
MGL 9,https://sfira.org/tombstone/view?id=5401
MGL 10,https://sfira.org/tombstone/view?id=5402
MGL 11,https://sfira.org/tombstone/view?id=5403
MGL 12,https://sfira.org/tombstone/view?id=5404
MGL 13,https://sfira.org/tombstone/view?id=5405
MGL 14,https://sfira.org/tombstone/view?id=5406
MGL 16,https://sfira.org/tombstone/view?id=5408
MGL 17,https://sfira.org/tombstone/view?id=5409
MGL 18,https://sfira.org/tombstone/view?id=5410
MGL 19,https://sfira.org/tombstone/view?id=5411
MGL 20,https://sfira.org/tombstone/view?id=5412
MGL 15,https://sfira.org/tombstone/view?id=5407
MGL 21,https://sfira.org/tombstone/view?id=5413
MGL 22,https://sfira.org/tombstone/view?id=5414
MGL 23,https://sfira.org/tombstone/view?id=5415
MGL 24,https://sfira.org/tombstone/view?id=5416
MGL 25,https://sfira.org/tombstone/view?id=5417
MGL 26,https://sfira.org/tombstone/view?id=5418
MGL 27,https://sfira.org/tombstone/view?id=5419
MGL 28,https://sfira.org/tombstone/view?id=5420
MGL 29,https://sfira.org/tombstone/view?id=5421
MGL 30,https://sfira.org/tombstone/view?id=5422
MGL 31,https://sfira.org/tombstone/view?id=5423
MGL 32,https://sfira.org/tombstone/view?id=5424
MGL 33,https://sfira.org/tombstone/view?id=5425
MGL 34,https://sfira.org/tombstone/view?id=5426
MGL 35,https://sfira.org/tombstone/view?id=5427
MGL 36,https://sfira.org/tombstone/view?id=5428
MGL 37,https://sfira.org/tombstone/view?id=5429
MGL 38,https://sfira.org/tombstone/view?id=5430
MGL 39,https://sfira.org/tombstone/view?id=5431
MGL 40,https://sfira.org/tombstone/view?id=5432
MGL 41,https://sfira.org/tombstone/view?id=5433
MGL 42,https://sfira.org/tombstone/view?id=5434
MGL 43,https://sfira.org/tombstone/view?id=5435
MGL 44,https://sfira.org/tombstone/view?id=5436
MGL 45,https://sfira.org/tombstone/view?id=5437
MGL 46,https://sfira.org/tombstone/view?id=5438
MGL 47,https://sfira.org/tombstone/view?id=5439
MGL 48,https://sfira.org/tombstone/view?id=5440
MGL 49,https://sfira.org/tombstone/view?id=5441
MGL 50,https://sfira.org/tombstone/view?id=5442
MGL 51,https://sfira.org/tombstone/view?id=5443
MGL 52,https://sfira.org/tombstone/view?id=5444
MGL 53,https://sfira.org/tombstone/view?id=5445
MGL 54,https://sfira.org/tombstone/view?id=5446
MGL 55,https://sfira.org/tombstone/view?id=5447
MGL 56,https://sfira.org/tombstone/view?id=5448
MGL 57,https://sfira.org/tombstone/view?id=5449
MGL 58,https://sfira.org/tombstone/view?id=5450
MGL 59,https://sfira.org/tombstone/view?id=5451
MGL 3a,https://sfira.org/tombstone/view?id=5452
MGL 3b,https://sfira.org/tombstone/view?id=5453
MGL 13a,https://sfira.org/tombstone/view?id=5454
MGL 13b,https://sfira.org/tombstone/view?id=5455
AGL 3,https://sfira.org/tombstone/view?id=6214
AGL 4,https://sfira.org/tombstone/view?id=6215
AGL 5,https://sfira.org/tombstone/view?id=6216
AGL 1,https://sfira.org/tombstone/view?id=6212
AGL 2,https://sfira.org/tombstone/view?id=6213
AGL 7,https://sfira.org/tombstone/view?id=6217
AGL 8,https://sfira.org/tombstone/view?id=6218
AGL 9,https://sfira.org/tombstone/view?id=6219
AGL 10,https://sfira.org/tombstone/view?id=6220
AGL 11,https://sfira.org/tombstone/view?id=6221
AGL 13,https://sfira.org/tombstone/view?id=6223
AGL 14,https://sfira.org/tombstone/view?id=6224
AGL 16,https://sfira.org/tombstone/view?id=6226
AGL 12,https://sfira.org/tombstone/view?id=6222
AGL 15,https://sfira.org/tombstone/view?id=6225
AGL 17,https://sfira.org/tombstone/view?id=6227
AGL 18,https://sfira.org/tombstone/view?id=6228
AGL 19,https://sfira.org/tombstone/view?id=6229
AGL 20,https://sfira.org/tombstone/view?id=6230
AGL 21,https://sfira.org/tombstone/view?id=6231
AGL 22,https://sfira.org/tombstone/view?id=6232
AGL 23,https://sfira.org/tombstone/view?id=6233
AGL 24,https://sfira.org/tombstone/view?id=6234
AGL 25,https://sfira.org/tombstone/view?id=6235
AGL 26,https://sfira.org/tombstone/view?id=6236
AGL 27,https://sfira.org/tombstone/view?id=6237
AGL 28,https://sfira.org/tombstone/view?id=6238
AGL 29,https://sfira.org/tombstone/view?id=6239
AGL 30,https://sfira.org/tombstone/view?id=6240
AGL 31,https://sfira.org/tombstone/view?id=6241
AGL 32,https://sfira.org/tombstone/view?id=6242
AGL 35,https://sfira.org/tombstone/view?id=6245
AGL 36,https://sfira.org/tombstone/view?id=6246
AGL 37,https://sfira.org/tombstone/view?id=6247
AGL 39,https://sfira.org/tombstone/view?id=6249
AGL 33,https://sfira.org/tombstone/view?id=6243
AGL 34,https://sfira.org/tombstone/view?id=6244
AGL 38,https://sfira.org/tombstone/view?id=6248
AGL 40,https://sfira.org/tombstone/view?id=6250
AGL 41,https://sfira.org/tombstone/view?id=6251
AGL 42,https://sfira.org/tombstone/view?id=6252
AGL 43,https://sfira.org/tombstone/view?id=6253
AGL 44,https://sfira.org/tombstone/view?id=6254
AGL 45,https://sfira.org/tombstone/view?id=6255
AGL 46,https://sfira.org/tombstone/view?id=6256
AGL 47,https://sfira.org/tombstone/view?id=6257
AGL 48,https://sfira.org/tombstone/view?id=6258
AGL 49,https://sfira.org/tombstone/view?id=6259
AGL 50,https://sfira.org/tombstone/view?id=6260
AGL 51,https://sfira.org/tombstone/view?id=6261
AGL 52,https://sfira.org/tombstone/view?id=6262
AGL 53,https://sfira.org/tombstone/view?id=6263
AGL 54,https://sfira.org/tombstone/view?id=6264
AGL 57,https://sfira.org/tombstone/view?id=6267
AGL 60,https://sfira.org/tombstone/view?id=6270
AGL 61,https://sfira.org/tombstone/view?id=6271
AGL 55,https://sfira.org/tombstone/view?id=6265
AGL 56,https://sfira.org/tombstone/view?id=6266
AGL 58,https://sfira.org/tombstone/view?id=6268
AGL 59,https://sfira.org/tombstone/view?id=6269
AGL 62,https://sfira.org/tombstone/view?id=6272
AGL 63,https://sfira.org/tombstone/view?id=6273
AGL 64,https://sfira.org/tombstone/view?id=6274
AGL 67,https://sfira.org/tombstone/view?id=6277
AGL 69,https://sfira.org/tombstone/view?id=6279
AGL 70,https://sfira.org/tombstone/view?id=6280
AGL 65,https://sfira.org/tombstone/view?id=6275
AGL 66,https://sfira.org/tombstone/view?id=6276
AGL 68,https://sfira.org/tombstone/view?id=6278
AGL 71,https://sfira.org/tombstone/view?id=6281
AGL 72,https://sfira.org/tombstone/view?id=6282
AGL 73,https://sfira.org/tombstone/view?id=6283
AGL 74,https://sfira.org/tombstone/view?id=6284
AGL 75,https://sfira.org/tombstone/view?id=6285
AGL 77,https://sfira.org/tombstone/view?id=6286
AGL 78,https://sfira.org/tombstone/view?id=6287
XLP 1,https://sfira.org/tombstone/view?id=6288
XLP 3,https://sfira.org/tombstone/view?id=6290
XLP 4,https://sfira.org/tombstone/view?id=6291
XLP 2,https://sfira.org/tombstone/view?id=6289
XLP 5,https://sfira.org/tombstone/view?id=6292
XLP 6,https://sfira.org/tombstone/view?id=6293
XLP 7,https://sfira.org/tombstone/view?id=6294
XLP 8,https://sfira.org/tombstone/view?id=6295
XLP 9,https://sfira.org/tombstone/view?id=6296
XLP 10,https://sfira.org/tombstone/view?id=6297
XLP 11,https://sfira.org/tombstone/view?id=6298
XLP 12,https://sfira.org/tombstone/view?id=6299
XLP 13,https://sfira.org/tombstone/view?id=6300
XLP 14,https://sfira.org/tombstone/view?id=6301
XLP 15,https://sfira.org/tombstone/view?id=6302
XLP 16,https://sfira.org/tombstone/view?id=6303
XLP 17,https://sfira.org/tombstone/view?id=6304
XLP 18,https://sfira.org/tombstone/view?id=6305
XLP 19,https://sfira.org/tombstone/view?id=6306
XLP 20,https://sfira.org/tombstone/view?id=6307
XLP 21,https://sfira.org/tombstone/view?id=6308
XLP 22,https://sfira.org/tombstone/view?id=6309
XLP 23,https://sfira.org/tombstone/view?id=6310
XLP 24,https://sfira.org/tombstone/view?id=6311
XLP 25,https://sfira.org/tombstone/view?id=6312
XLP 26,https://sfira.org/tombstone/view?id=6313
XLP 27,https://sfira.org/tombstone/view?id=6314
XLP 28,https://sfira.org/tombstone/view?id=6315
XLP 29,https://sfira.org/tombstone/view?id=6316
XLP 30,https://sfira.org/tombstone/view?id=6317
XLP 32,https://sfira.org/tombstone/view?id=6319
XLP 34,https://sfira.org/tombstone/view?id=6321
XLP 31,https://sfira.org/tombstone/view?id=6318
XLP 33,https://sfira.org/tombstone/view?id=6320
XLP 35,https://sfira.org/tombstone/view?id=6322
XLP 36,https://sfira.org/tombstone/view?id=6323
XLP 37,https://sfira.org/tombstone/view?id=6324
XLP 38,https://sfira.org/tombstone/view?id=6325
XLP 39,https://sfira.org/tombstone/view?id=6326
XLP 40,https://sfira.org/tombstone/view?id=6327
XLP 41,https://sfira.org/tombstone/view?id=6328
XLP 42,https://sfira.org/tombstone/view?id=6329
XLP 43,https://sfira.org/tombstone/view?id=6330
XLP 44,https://sfira.org/tombstone/view?id=6331
XLP 45,https://sfira.org/tombstone/view?id=6332
SDB 1,https://sfira.org/tombstone/view?id=6335
SDB 2,https://sfira.org/tombstone/view?id=6336
SDB 3,https://sfira.org/tombstone/view?id=6337
SDB 4,https://sfira.org/tombstone/view?id=6338
SDB 5,https://sfira.org/tombstone/view?id=6339
SDB 6,https://sfira.org/tombstone/view?id=6340
SDB 7,https://sfira.org/tombstone/view?id=6341
SDB 8,https://sfira.org/tombstone/view?id=6342
SDB 9,https://sfira.org/tombstone/view?id=6343
SDB 10,https://sfira.org/tombstone/view?id=6344
SDB 11,https://sfira.org/tombstone/view?id=6345
SDB 12,https://sfira.org/tombstone/view?id=6346
SDB 13,https://sfira.org/tombstone/view?id=6347
SDB 14,https://sfira.org/tombstone/view?id=6348
SDB 15,https://sfira.org/tombstone/view?id=6349
SDB 16,https://sfira.org/tombstone/view?id=6350
SDB 17,https://sfira.org/tombstone/view?id=6351
SDB 18,https://sfira.org/tombstone/view?id=6352
SDB 19,https://sfira.org/tombstone/view?id=6353
SDB 20,https://sfira.org/tombstone/view?id=6354
SDB 21,https://sfira.org/tombstone/view?id=6355
SDB 22,https://sfira.org/tombstone/view?id=6356
SDB 23,https://sfira.org/tombstone/view?id=6357
SDB 24,https://sfira.org/tombstone/view?id=6358
SDB 25,https://sfira.org/tombstone/view?id=6359
SDB 26,https://sfira.org/tombstone/view?id=6360
SDB 27,https://sfira.org/tombstone/view?id=6361
SDB 28,https://sfira.org/tombstone/view?id=6362
SDB 29,https://sfira.org/tombstone/view?id=6363
SDB 30,https://sfira.org/tombstone/view?id=6364
SDB 31,https://sfira.org/tombstone/view?id=6365
SDB 32,https://sfira.org/tombstone/view?id=6366
SDB 33,https://sfira.org/tombstone/view?id=6367
SDB 34,https://sfira.org/tombstone/view?id=6368
SDB 35,https://sfira.org/tombstone/view?id=6369
SDB 36,https://sfira.org/tombstone/view?id=6370
SDB 37,https://sfira.org/tombstone/view?id=6371
SDB 38,https://sfira.org/tombstone/view?id=6372
SDB 39,https://sfira.org/tombstone/view?id=6373
SDB 40,https://sfira.org/tombstone/view?id=6374
SDB 41,https://sfira.org/tombstone/view?id=6375
SDB 42,https://sfira.org/tombstone/view?id=6376
SDB 43,https://sfira.org/tombstone/view?id=6377
SDB 44,https://sfira.org/tombstone/view?id=6378
SDB 45a,https://sfira.org/tombstone/view?id=6380
SDB 46,https://sfira.org/tombstone/view?id=6381
SDB 47,https://sfira.org/tombstone/view?id=6382
SDB 45,https://sfira.org/tombstone/view?id=6379
SDB 48,https://sfira.org/tombstone/view?id=6383
SDB 49,https://sfira.org/tombstone/view?id=6384
SDB 50,https://sfira.org/tombstone/view?id=6385
SDB 51,https://sfira.org/tombstone/view?id=6386
SDB 52,https://sfira.org/tombstone/view?id=6387
SDB 53,https://sfira.org/tombstone/view?id=6388
SDB 54a,https://sfira.org/tombstone/view?id=6389
SDB 54b,https://sfira.org/tombstone/view?id=6390
SDB 55,https://sfira.org/tombstone/view?id=6391
SDB 56,https://sfira.org/tombstone/view?id=6392
SDB 57,https://sfira.org/tombstone/view?id=6393
SDB 57a,https://sfira.org/tombstone/view?id=6394
SDB 58,https://sfira.org/tombstone/view?id=6395
SDB 59,https://sfira.org/tombstone/view?id=6396
SDB 60,https://sfira.org/tombstone/view?id=6397
SDB 60a,https://sfira.org/tombstone/view?id=6398
SDB 61,https://sfira.org/tombstone/view?id=6399
SDB 62,https://sfira.org/tombstone/view?id=6400
SDB 63,https://sfira.org/tombstone/view?id=6401
SDB 64,https://sfira.org/tombstone/view?id=6402
SDB 65,https://sfira.org/tombstone/view?id=6403
SDB 66,https://sfira.org/tombstone/view?id=6404
SDB 67,https://sfira.org/tombstone/view?id=6405
SDB 68,https://sfira.org/tombstone/view?id=6406
SDB 69,https://sfira.org/tombstone/view?id=6407
SDB 71,https://sfira.org/tombstone/view?id=6409
SDB 70,https://sfira.org/tombstone/view?id=6408
SDB 72,https://sfira.org/tombstone/view?id=6410
SDB 73,https://sfira.org/tombstone/view?id=6411
SDB 74,https://sfira.org/tombstone/view?id=6412
SDB 75,https://sfira.org/tombstone/view?id=6413
SDB 76,https://sfira.org/tombstone/view?id=6414
SDB 77,https://sfira.org/tombstone/view?id=6415
SDB 78,https://sfira.org/tombstone/view?id=6416
SDB 79,https://sfira.org/tombstone/view?id=6417
SDB 80,https://sfira.org/tombstone/view?id=6418
SDB 81,https://sfira.org/tombstone/view?id=6419
SDB 82,https://sfira.org/tombstone/view?id=6420
SDB 83,https://sfira.org/tombstone/view?id=6421
SDB 84,https://sfira.org/tombstone/view?id=6422
SDB 85a,https://sfira.org/tombstone/view?id=6423
SDB 85b,https://sfira.org/tombstone/view?id=6424
SDB 86,https://sfira.org/tombstone/view?id=6425
SDB 87,https://sfira.org/tombstone/view?id=6426
SDB 88,https://sfira.org/tombstone/view?id=6427
SDB 89,https://sfira.org/tombstone/view?id=6428
SDB 89a,https://sfira.org/tombstone/view?id=6429
SDB 90,https://sfira.org/tombstone/view?id=6430
SDB 91,https://sfira.org/tombstone/view?id=6431
SDB 92,https://sfira.org/tombstone/view?id=6432
SDB 93,https://sfira.org/tombstone/view?id=6433
SDB 94,https://sfira.org/tombstone/view?id=6434
SDB 95,https://sfira.org/tombstone/view?id=6435
SDB 96,https://sfira.org/tombstone/view?id=6436
SDB 97,https://sfira.org/tombstone/view?id=6437
SDB 98,https://sfira.org/tombstone/view?id=6438
SDB 99,https://sfira.org/tombstone/view?id=6439
SDB 100,https://sfira.org/tombstone/view?id=6440
SDB 101,https://sfira.org/tombstone/view?id=6441
SDB 102,https://sfira.org/tombstone/view?id=6442
SDB 103,https://sfira.org/tombstone/view?id=6443
SDB 104,https://sfira.org/tombstone/view?id=6444
SDB 105,https://sfira.org/tombstone/view?id=6445
SDB 106,https://sfira.org/tombstone/view?id=6446
SDB 107,https://sfira.org/tombstone/view?id=6447
SDB 108,https://sfira.org/tombstone/view?id=6448
SDB 108A,https://sfira.org/tombstone/view?id=6449
SDB 109,https://sfira.org/tombstone/view?id=6450
SDB 110,https://sfira.org/tombstone/view?id=6451
SDB 111,https://sfira.org/tombstone/view?id=6452
SDB 112,https://sfira.org/tombstone/view?id=6453
SDB 113,https://sfira.org/tombstone/view?id=6454
SDB 114,https://sfira.org/tombstone/view?id=6455
SDB 115,https://sfira.org/tombstone/view?id=6456
SDB 116,https://sfira.org/tombstone/view?id=6457
SDB 117,https://sfira.org/tombstone/view?id=6458
SDB 118,https://sfira.org/tombstone/view?id=6459
SDB 119,https://sfira.org/tombstone/view?id=6460
SDB 120,https://sfira.org/tombstone/view?id=6461
SDB 121,https://sfira.org/tombstone/view?id=6462
SDB 122,https://sfira.org/tombstone/view?id=6463
SDB 123,https://sfira.org/tombstone/view?id=6464
SDB 124,https://sfira.org/tombstone/view?id=6465
SDB 125,https://sfira.org/tombstone/view?id=6466
SDB 126,https://sfira.org/tombstone/view?id=6467
SDB 127,https://sfira.org/tombstone/view?id=6468
SDB 128,https://sfira.org/tombstone/view?id=6469
SDB 128A,https://sfira.org/tombstone/view?id=6470
SDB 129,https://sfira.org/tombstone/view?id=6471
SDB 130,https://sfira.org/tombstone/view?id=6472
SDB 131,https://sfira.org/tombstone/view?id=6473
SDB 132,https://sfira.org/tombstone/view?id=6474
SDB 133,https://sfira.org/tombstone/view?id=6475
SDB 136,https://sfira.org/tombstone/view?id=6478
SDB 137,https://sfira.org/tombstone/view?id=6479
SDB 138,https://sfira.org/tombstone/view?id=6480
SDB 134,https://sfira.org/tombstone/view?id=6476
SDB 135,https://sfira.org/tombstone/view?id=6477
SDB 139,https://sfira.org/tombstone/view?id=6481
SDB 140,https://sfira.org/tombstone/view?id=6482
SDB 141,https://sfira.org/tombstone/view?id=6483
SDB 141a,https://sfira.org/tombstone/view?id=6484
SDB 142,https://sfira.org/tombstone/view?id=6485
SDB 143,https://sfira.org/tombstone/view?id=6486
SDB 143a,https://sfira.org/tombstone/view?id=6487
SDB 144,https://sfira.org/tombstone/view?id=6488
SDB 144a,https://sfira.org/tombstone/view?id=6489
SDB 145,https://sfira.org/tombstone/view?id=6490
SDB 147,https://sfira.org/tombstone/view?id=6492
SDB 148,https://sfira.org/tombstone/view?id=6493
SDB 148a,https://sfira.org/tombstone/view?id=6494
SDB 148b,https://sfira.org/tombstone/view?id=6495
SDB 146,https://sfira.org/tombstone/view?id=6491
SDB 149,https://sfira.org/tombstone/view?id=6496
SDB 150,https://sfira.org/tombstone/view?id=6497
SDB 151,https://sfira.org/tombstone/view?id=6498
SDB 152,https://sfira.org/tombstone/view?id=6499
SDB 153,https://sfira.org/tombstone/view?id=6500
SDB 154,https://sfira.org/tombstone/view?id=6501
SDB 154A,https://sfira.org/tombstone/view?id=6502
SDB 155,https://sfira.org/tombstone/view?id=6503
SDB 156,https://sfira.org/tombstone/view?id=6504
SDB 157,https://sfira.org/tombstone/view?id=6505
SDB 158,https://sfira.org/tombstone/view?id=6506
SDB 159,https://sfira.org/tombstone/view?id=6507
SDB 160,https://sfira.org/tombstone/view?id=6508
SDB 161,https://sfira.org/tombstone/view?id=6509
SDB 162,https://sfira.org/tombstone/view?id=6510
SDB 164,https://sfira.org/tombstone/view?id=6512
SDB 165,https://sfira.org/tombstone/view?id=6513
SDB 163,https://sfira.org/tombstone/view?id=6511
SDB 166,https://sfira.org/tombstone/view?id=6514
SDB 167,https://sfira.org/tombstone/view?id=6515
SDB 168,https://sfira.org/tombstone/view?id=6516
SDB 169,https://sfira.org/tombstone/view?id=6517
SDB 170,https://sfira.org/tombstone/view?id=6518
SDB 171,https://sfira.org/tombstone/view?id=6519
SDB 172,https://sfira.org/tombstone/view?id=6520
SDB 173,https://sfira.org/tombstone/view?id=6521
SDB 174,https://sfira.org/tombstone/view?id=6522
SDB 175,https://sfira.org/tombstone/view?id=6523
SDB 176,https://sfira.org/tombstone/view?id=6524
SDB 177,https://sfira.org/tombstone/view?id=6525
SDB 178,https://sfira.org/tombstone/view?id=6526
SDB 179,https://sfira.org/tombstone/view?id=6527
SDB 181,https://sfira.org/tombstone/view?id=6529
SDB 182,https://sfira.org/tombstone/view?id=6530
SDB 183,https://sfira.org/tombstone/view?id=6531
SDB 180,https://sfira.org/tombstone/view?id=6528
SDB 184,https://sfira.org/tombstone/view?id=6532
SDB 185,https://sfira.org/tombstone/view?id=6533
SDB 186,https://sfira.org/tombstone/view?id=6534
SDB 187,https://sfira.org/tombstone/view?id=6535
SDB 188,https://sfira.org/tombstone/view?id=6536
SDB 189,https://sfira.org/tombstone/view?id=6537
SDB 191,https://sfira.org/tombstone/view?id=6539
SDB 192,https://sfira.org/tombstone/view?id=6540
SDB 193,https://sfira.org/tombstone/view?id=6541
SDB 194,https://sfira.org/tombstone/view?id=6542
SDB 195,https://sfira.org/tombstone/view?id=6543
SDB 196,https://sfira.org/tombstone/view?id=6544
SDB 197,https://sfira.org/tombstone/view?id=6545
SDB 190,https://sfira.org/tombstone/view?id=6538
SDB 198,https://sfira.org/tombstone/view?id=6546
SDB 199,https://sfira.org/tombstone/view?id=6547
SDB 200,https://sfira.org/tombstone/view?id=6548
SDB 201,https://sfira.org/tombstone/view?id=6549
SDB 202,https://sfira.org/tombstone/view?id=6550
SDB 203,https://sfira.org/tombstone/view?id=6551
SDB 204,https://sfira.org/tombstone/view?id=6552
SDB 205,https://sfira.org/tombstone/view?id=6553
SDB 206,https://sfira.org/tombstone/view?id=6554
SDB 207,https://sfira.org/tombstone/view?id=6555
SDB 209,https://sfira.org/tombstone/view?id=6557
SDB 212,https://sfira.org/tombstone/view?id=6560
SDB 213,https://sfira.org/tombstone/view?id=6561
SDB 208,https://sfira.org/tombstone/view?id=6556
SDB 210,https://sfira.org/tombstone/view?id=6558
SDB 211,https://sfira.org/tombstone/view?id=6559
SDB 214,https://sfira.org/tombstone/view?id=6562
SDB 215,https://sfira.org/tombstone/view?id=6563
SDB 216,https://sfira.org/tombstone/view?id=6564
SDB 217,https://sfira.org/tombstone/view?id=6565
SDB 218,https://sfira.org/tombstone/view?id=6566
SDB 219,https://sfira.org/tombstone/view?id=6567
SDB 220,https://sfira.org/tombstone/view?id=6568
SDB 221,https://sfira.org/tombstone/view?id=6569
SDB 222,https://sfira.org/tombstone/view?id=6570
SDB 223,https://sfira.org/tombstone/view?id=6571
SDB 224,https://sfira.org/tombstone/view?id=6572
SDB 225,https://sfira.org/tombstone/view?id=6573
SDB 226,https://sfira.org/tombstone/view?id=6574
SDB 227,https://sfira.org/tombstone/view?id=6575
SDB 228,https://sfira.org/tombstone/view?id=6576
SDB 229,https://sfira.org/tombstone/view?id=6577
SDB 230,https://sfira.org/tombstone/view?id=6578
SDB 231,https://sfira.org/tombstone/view?id=6579
SDB 232,https://sfira.org/tombstone/view?id=6580
SDB 233,https://sfira.org/tombstone/view?id=6581
SDB 234,https://sfira.org/tombstone/view?id=6582
SDB 236,https://sfira.org/tombstone/view?id=6584
SDB 237,https://sfira.org/tombstone/view?id=6585
SDB 238,https://sfira.org/tombstone/view?id=6586
SDB 235,https://sfira.org/tombstone/view?id=6583
SDB 239,https://sfira.org/tombstone/view?id=6587
SDB 240,https://sfira.org/tombstone/view?id=6588
SDB 241,https://sfira.org/tombstone/view?id=6589
SDB 242,https://sfira.org/tombstone/view?id=6590
SDB 243,https://sfira.org/tombstone/view?id=6591
SDB 243a,https://sfira.org/tombstone/view?id=6592
SDB 244,https://sfira.org/tombstone/view?id=6593
SDB 245,https://sfira.org/tombstone/view?id=6594
SDB 246,https://sfira.org/tombstone/view?id=6595
SDB 247,https://sfira.org/tombstone/view?id=6596
SDB 248,https://sfira.org/tombstone/view?id=6597
SDB 249,https://sfira.org/tombstone/view?id=6598
SDB 250,https://sfira.org/tombstone/view?id=6599
SDB 251,https://sfira.org/tombstone/view?id=6600
SDB 252,https://sfira.org/tombstone/view?id=6601
SDB 253,https://sfira.org/tombstone/view?id=6602
SDB 254,https://sfira.org/tombstone/view?id=6603
SDB 255,https://sfira.org/tombstone/view?id=6604
SDB 256,https://sfira.org/tombstone/view?id=6605
SDB 257,https://sfira.org/tombstone/view?id=6606
SDB 258,https://sfira.org/tombstone/view?id=6607
SDB 259,https://sfira.org/tombstone/view?id=6608
SDB 260,https://sfira.org/tombstone/view?id=6609
SDB 261,https://sfira.org/tombstone/view?id=6610
SDB 262,https://sfira.org/tombstone/view?id=6611
SDB 263,https://sfira.org/tombstone/view?id=6612
SDB 264,https://sfira.org/tombstone/view?id=6613
SDB 265,https://sfira.org/tombstone/view?id=6614
SDB 266,https://sfira.org/tombstone/view?id=6615
SDB 267,https://sfira.org/tombstone/view?id=6616
SDB 268,https://sfira.org/tombstone/view?id=6617
SDB 269,https://sfira.org/tombstone/view?id=6618
SDB 270,https://sfira.org/tombstone/view?id=6619
SDB 271,https://sfira.org/tombstone/view?id=6620
SDB 272,https://sfira.org/tombstone/view?id=6621
SDB 274,https://sfira.org/tombstone/view?id=6622
SDB 275,https://sfira.org/tombstone/view?id=6623
SDB 276,https://sfira.org/tombstone/view?id=6624
SDB 277,https://sfira.org/tombstone/view?id=6625
SDB 278,https://sfira.org/tombstone/view?id=6626
SDB 279,https://sfira.org/tombstone/view?id=6627
SDB 280,https://sfira.org/tombstone/view?id=6628
SDB 281,https://sfira.org/tombstone/view?id=6629
SDB 282,https://sfira.org/tombstone/view?id=6630
SDB 283,https://sfira.org/tombstone/view?id=6631
SDB 284,https://sfira.org/tombstone/view?id=6632
SDB 285,https://sfira.org/tombstone/view?id=6633
SDB 286,https://sfira.org/tombstone/view?id=6634
SDB 287,https://sfira.org/tombstone/view?id=6635
SDB 288,https://sfira.org/tombstone/view?id=6636
SDB 289,https://sfira.org/tombstone/view?id=6637
SDB 290,https://sfira.org/tombstone/view?id=6638
SDB 291,https://sfira.org/tombstone/view?id=6639
SDB 292,https://sfira.org/tombstone/view?id=6640
SDB 293,https://sfira.org/tombstone/view?id=6641
SDB 294,https://sfira.org/tombstone/view?id=6642
SDB 296,https://sfira.org/tombstone/view?id=6644
SDB 296A,https://sfira.org/tombstone/view?id=6645
SDB 297,https://sfira.org/tombstone/view?id=6646
SDB 300,https://sfira.org/tombstone/view?id=6649
SDB 301,https://sfira.org/tombstone/view?id=6650
SDB 295,https://sfira.org/tombstone/view?id=6643
SDB 298,https://sfira.org/tombstone/view?id=6647
SDB 299,https://sfira.org/tombstone/view?id=6648
SDB 302,https://sfira.org/tombstone/view?id=6651
SDB 303,https://sfira.org/tombstone/view?id=6652
SDB 305,https://sfira.org/tombstone/view?id=6653
SDB 306,https://sfira.org/tombstone/view?id=6654
SDB 307,https://sfira.org/tombstone/view?id=6655
SDB 308,https://sfira.org/tombstone/view?id=6656
SDB 309,https://sfira.org/tombstone/view?id=6657
SDB 310,https://sfira.org/tombstone/view?id=6658
SDB 312,https://sfira.org/tombstone/view?id=6660
SDB 311,https://sfira.org/tombstone/view?id=6659
SDB 313,https://sfira.org/tombstone/view?id=6661
SDB 314,https://sfira.org/tombstone/view?id=6662
SDB 315,https://sfira.org/tombstone/view?id=6663
SDB 316,https://sfira.org/tombstone/view?id=6664
SDB 317,https://sfira.org/tombstone/view?id=6665
SDB 318,https://sfira.org/tombstone/view?id=6666
SDB 319,https://sfira.org/tombstone/view?id=6667
SDB 320,https://sfira.org/tombstone/view?id=6668
SDB 321,https://sfira.org/tombstone/view?id=6669
SDB 322,https://sfira.org/tombstone/view?id=6670
SDB 323,https://sfira.org/tombstone/view?id=6671
SDB 324,https://sfira.org/tombstone/view?id=6672
SDB 325,https://sfira.org/tombstone/view?id=6673
SDB 326,https://sfira.org/tombstone/view?id=6674
SDB 327,https://sfira.org/tombstone/view?id=6675
SDB 328,https://sfira.org/tombstone/view?id=6676
SDB 329,https://sfira.org/tombstone/view?id=6677
SDB 330,https://sfira.org/tombstone/view?id=6678
SDB 331,https://sfira.org/tombstone/view?id=6679
SDB 332,https://sfira.org/tombstone/view?id=6680
SDB 333,https://sfira.org/tombstone/view?id=6681
SDB 334,https://sfira.org/tombstone/view?id=6682
SDB 335,https://sfira.org/tombstone/view?id=6683
SDB 336,https://sfira.org/tombstone/view?id=6684
SDB 337,https://sfira.org/tombstone/view?id=6685
SDB 339,https://sfira.org/tombstone/view?id=6687
SDB 340,https://sfira.org/tombstone/view?id=6688
SDB 341,https://sfira.org/tombstone/view?id=6689
SDB 342,https://sfira.org/tombstone/view?id=6690
SDB 344,https://sfira.org/tombstone/view?id=6692
SDB 345,https://sfira.org/tombstone/view?id=6693
SDB 338,https://sfira.org/tombstone/view?id=6686
SDB 343,https://sfira.org/tombstone/view?id=6691
SDB 346,https://sfira.org/tombstone/view?id=6694
SDB 347,https://sfira.org/tombstone/view?id=6695
SDB 348,https://sfira.org/tombstone/view?id=6696
SDB 349,https://sfira.org/tombstone/view?id=6697
SDB 350,https://sfira.org/tombstone/view?id=6698
SDB 351,https://sfira.org/tombstone/view?id=6699
SDB 352,https://sfira.org/tombstone/view?id=6700
SDB 353,https://sfira.org/tombstone/view?id=6701
SDB 354,https://sfira.org/tombstone/view?id=6702
SDB 355,https://sfira.org/tombstone/view?id=6703
SDB 356,https://sfira.org/tombstone/view?id=6704
SDB 357,https://sfira.org/tombstone/view?id=6705
SDB 358,https://sfira.org/tombstone/view?id=6706
SDB 359,https://sfira.org/tombstone/view?id=6707
SDB 360,https://sfira.org/tombstone/view?id=6708
SDB 361,https://sfira.org/tombstone/view?id=6709
SDB 362,https://sfira.org/tombstone/view?id=6710
SDB 363,https://sfira.org/tombstone/view?id=6711
SDB 364,https://sfira.org/tombstone/view?id=6712
SDB 365,https://sfira.org/tombstone/view?id=6713
SDB 366,https://sfira.org/tombstone/view?id=6714
SDB 369,https://sfira.org/tombstone/view?id=6717
SDB 370,https://sfira.org/tombstone/view?id=6718
SDB 371,https://sfira.org/tombstone/view?id=6719
SDB 367,https://sfira.org/tombstone/view?id=6715
SDB 368,https://sfira.org/tombstone/view?id=6716
SDB 372,https://sfira.org/tombstone/view?id=6720
SDB 373,https://sfira.org/tombstone/view?id=6721
SDB 374,https://sfira.org/tombstone/view?id=6722
SDB 375,https://sfira.org/tombstone/view?id=6723
SDB 376,https://sfira.org/tombstone/view?id=6724
SDB 377,https://sfira.org/tombstone/view?id=6725
SDB 378,https://sfira.org/tombstone/view?id=6726
SDB 379,https://sfira.org/tombstone/view?id=6727
SDB 380,https://sfira.org/tombstone/view?id=6728
SDB 381,https://sfira.org/tombstone/view?id=6729
SDB 382,https://sfira.org/tombstone/view?id=6730
SDB 383,https://sfira.org/tombstone/view?id=6731
SDB 384,https://sfira.org/tombstone/view?id=6732
SDB 385,https://sfira.org/tombstone/view?id=6733
SDB 386,https://sfira.org/tombstone/view?id=6734
SDB 387,https://sfira.org/tombstone/view?id=6735
SDB 388,https://sfira.org/tombstone/view?id=6736
SDB 389,https://sfira.org/tombstone/view?id=6737
SDB 390,https://sfira.org/tombstone/view?id=6738
SDB 391,https://sfira.org/tombstone/view?id=6739
SDB 392,https://sfira.org/tombstone/view?id=6740
SDB 394,https://sfira.org/tombstone/view?id=6742
SDB 397,https://sfira.org/tombstone/view?id=6745
SDB 398,https://sfira.org/tombstone/view?id=6746
SDB 399,https://sfira.org/tombstone/view?id=6747
SDB 400,https://sfira.org/tombstone/view?id=6748
SDB 401,https://sfira.org/tombstone/view?id=6749
SDB 393,https://sfira.org/tombstone/view?id=6741
SDB 395,https://sfira.org/tombstone/view?id=6743
SDB 396,https://sfira.org/tombstone/view?id=6744
SDB 402,https://sfira.org/tombstone/view?id=6750
SDB 403,https://sfira.org/tombstone/view?id=6751
SDB 404,https://sfira.org/tombstone/view?id=6752
SDB 405,https://sfira.org/tombstone/view?id=6753
SDB 406,https://sfira.org/tombstone/view?id=6754
SDB 407,https://sfira.org/tombstone/view?id=6755
SDB 408,https://sfira.org/tombstone/view?id=6756
SDB 409,https://sfira.org/tombstone/view?id=6757
SDB 411,https://sfira.org/tombstone/view?id=6759
SDB 410,https://sfira.org/tombstone/view?id=6758
SDB 412,https://sfira.org/tombstone/view?id=6760
SDB 413,https://sfira.org/tombstone/view?id=6761
SDB 414,https://sfira.org/tombstone/view?id=6762
SDB 415,https://sfira.org/tombstone/view?id=6763
SDB 416,https://sfira.org/tombstone/view?id=6764
SDB 417,https://sfira.org/tombstone/view?id=6765
SDB 418,https://sfira.org/tombstone/view?id=6766
SDB 419,https://sfira.org/tombstone/view?id=6767
SDB 420,https://sfira.org/tombstone/view?id=6768
SDB 421,https://sfira.org/tombstone/view?id=6769
SDB 422,https://sfira.org/tombstone/view?id=6770
SDB 423,https://sfira.org/tombstone/view?id=6771
SDB 424,https://sfira.org/tombstone/view?id=6772
SDB 425,https://sfira.org/tombstone/view?id=6773
SDB 426,https://sfira.org/tombstone/view?id=6774
SDB 427,https://sfira.org/tombstone/view?id=6775
SDB 428,https://sfira.org/tombstone/view?id=6776
SDB 429,https://sfira.org/tombstone/view?id=6777
SDB 429A,https://sfira.org/tombstone/view?id=6778
SDB 430,https://sfira.org/tombstone/view?id=6779
SDB 431,https://sfira.org/tombstone/view?id=6780
SDB 432,https://sfira.org/tombstone/view?id=6781
SDB 433,https://sfira.org/tombstone/view?id=6782
SDB 434,https://sfira.org/tombstone/view?id=6783
SDB 435,https://sfira.org/tombstone/view?id=6784
SDB 436,https://sfira.org/tombstone/view?id=6785
SDB 437,https://sfira.org/tombstone/view?id=6786
SDB 438,https://sfira.org/tombstone/view?id=6787
SDB 439,https://sfira.org/tombstone/view?id=6788
SDB 440,https://sfira.org/tombstone/view?id=6789
SDB 441,https://sfira.org/tombstone/view?id=6790
SDB 442,https://sfira.org/tombstone/view?id=6791
SDB 443,https://sfira.org/tombstone/view?id=6792
SDB 444,https://sfira.org/tombstone/view?id=6793
SDB 445,https://sfira.org/tombstone/view?id=6794
SDB 447,https://sfira.org/tombstone/view?id=6796
SDB 448,https://sfira.org/tombstone/view?id=6797
SDB 449,https://sfira.org/tombstone/view?id=6798
SDB 446,https://sfira.org/tombstone/view?id=6795
SDB 450,https://sfira.org/tombstone/view?id=6799
SDB 451,https://sfira.org/tombstone/view?id=6800
SDB 452,https://sfira.org/tombstone/view?id=6801
SDB 453,https://sfira.org/tombstone/view?id=6802
SDB 454,https://sfira.org/tombstone/view?id=6803
SDB 455,https://sfira.org/tombstone/view?id=6804
SDB 456,https://sfira.org/tombstone/view?id=6805
SDB 457,https://sfira.org/tombstone/view?id=6806
SDB 458,https://sfira.org/tombstone/view?id=6807
SDB 459,https://sfira.org/tombstone/view?id=6808
SDB 460,https://sfira.org/tombstone/view?id=6809
SDB 461,https://sfira.org/tombstone/view?id=6810
SDB 462,https://sfira.org/tombstone/view?id=6811
SDB 463,https://sfira.org/tombstone/view?id=6812
SDB 464,https://sfira.org/tombstone/view?id=6813
SDB 465,https://sfira.org/tombstone/view?id=6814
SDB 466,https://sfira.org/tombstone/view?id=6815
SDB 467,https://sfira.org/tombstone/view?id=6816
SDB 468,https://sfira.org/tombstone/view?id=6817
SDB 469,https://sfira.org/tombstone/view?id=6818
SDB 470,https://sfira.org/tombstone/view?id=6819
SDB 471,https://sfira.org/tombstone/view?id=6820
SDB 472,https://sfira.org/tombstone/view?id=6821
SDB 473,https://sfira.org/tombstone/view?id=6822
SDB 474,https://sfira.org/tombstone/view?id=6823
SDB 475,https://sfira.org/tombstone/view?id=6824
SDB 476,https://sfira.org/tombstone/view?id=6825
SDB 477,https://sfira.org/tombstone/view?id=6826
SDB 478,https://sfira.org/tombstone/view?id=6827
SDB 479,https://sfira.org/tombstone/view?id=6828
SDB 480,https://sfira.org/tombstone/view?id=6829
SDB 481,https://sfira.org/tombstone/view?id=6830
SDB 483,https://sfira.org/tombstone/view?id=6832
SDB 485,https://sfira.org/tombstone/view?id=6834
SDB 486,https://sfira.org/tombstone/view?id=6835
SDB 487,https://sfira.org/tombstone/view?id=6836
SDB 488,https://sfira.org/tombstone/view?id=6837
SDB 489,https://sfira.org/tombstone/view?id=6838
SDB 482,https://sfira.org/tombstone/view?id=6831
SDB 484,https://sfira.org/tombstone/view?id=6833
SDB 490,https://sfira.org/tombstone/view?id=6839
SDB 491,https://sfira.org/tombstone/view?id=6840
SDB 492,https://sfira.org/tombstone/view?id=6841
SDB 493,https://sfira.org/tombstone/view?id=6842
SDB 494,https://sfira.org/tombstone/view?id=6843
SDB 495,https://sfira.org/tombstone/view?id=6844
SDB 496,https://sfira.org/tombstone/view?id=6845
SDB 497,https://sfira.org/tombstone/view?id=6846
SDB 498,https://sfira.org/tombstone/view?id=6847
SDB 499,https://sfira.org/tombstone/view?id=6848
SDB 500,https://sfira.org/tombstone/view?id=6849
SDB 501,https://sfira.org/tombstone/view?id=6850
SDB 502,https://sfira.org/tombstone/view?id=6851
SDB 503,https://sfira.org/tombstone/view?id=6852
SDB 504,https://sfira.org/tombstone/view?id=6853
SDB 505,https://sfira.org/tombstone/view?id=6854
SDB 506,https://sfira.org/tombstone/view?id=6855
SDB 506A,https://sfira.org/tombstone/view?id=6856
SDB 506B,https://sfira.org/tombstone/view?id=6857
SDB 507,https://sfira.org/tombstone/view?id=6858
SDB 508,https://sfira.org/tombstone/view?id=6859
SDB 509,https://sfira.org/tombstone/view?id=6860
SDB 510,https://sfira.org/tombstone/view?id=6861
SDB 511,https://sfira.org/tombstone/view?id=6862
SDB 512,https://sfira.org/tombstone/view?id=6863
SDB 513,https://sfira.org/tombstone/view?id=6864
SDB 515,https://sfira.org/tombstone/view?id=6866
SDB 516,https://sfira.org/tombstone/view?id=6867
SDB 514,https://sfira.org/tombstone/view?id=6865
SDB 517,https://sfira.org/tombstone/view?id=6868
SDB 517A,https://sfira.org/tombstone/view?id=6869
SDB 518,https://sfira.org/tombstone/view?id=6870
SDB 519,https://sfira.org/tombstone/view?id=6871
SDB 520,https://sfira.org/tombstone/view?id=6872
SDB 521,https://sfira.org/tombstone/view?id=6873
SDB 522,https://sfira.org/tombstone/view?id=6874
SDB 523,https://sfira.org/tombstone/view?id=6875
SDB 525,https://sfira.org/tombstone/view?id=6877
SDB 526,https://sfira.org/tombstone/view?id=6878
SDB 524,https://sfira.org/tombstone/view?id=6876
SDB 527,https://sfira.org/tombstone/view?id=6879
SDB 528,https://sfira.org/tombstone/view?id=6880
SDB 529,https://sfira.org/tombstone/view?id=6881
SDB 530,https://sfira.org/tombstone/view?id=6882
SDB 531,https://sfira.org/tombstone/view?id=6883
SDB 532,https://sfira.org/tombstone/view?id=6884
SDB 533,https://sfira.org/tombstone/view?id=6885
SDB 534,https://sfira.org/tombstone/view?id=6886
SDB 535,https://sfira.org/tombstone/view?id=6887
SDB 536,https://sfira.org/tombstone/view?id=6888
SDB 537,https://sfira.org/tombstone/view?id=6889
SDB 538,https://sfira.org/tombstone/view?id=6890
SDB 539,https://sfira.org/tombstone/view?id=6891
SDB 540,https://sfira.org/tombstone/view?id=6892
SDB 541,https://sfira.org/tombstone/view?id=6893
SDB 542,https://sfira.org/tombstone/view?id=6894
SDB 543,https://sfira.org/tombstone/view?id=6895
SDB 544,https://sfira.org/tombstone/view?id=6896
SDB 545,https://sfira.org/tombstone/view?id=6897
SDB 546,https://sfira.org/tombstone/view?id=6898
SDB 547,https://sfira.org/tombstone/view?id=6899
SDB 548,https://sfira.org/tombstone/view?id=6900
SDB 549,https://sfira.org/tombstone/view?id=6901
SDB 550,https://sfira.org/tombstone/view?id=6902
SDB 551,https://sfira.org/tombstone/view?id=6903
SDB 552,https://sfira.org/tombstone/view?id=6904
SDB 553,https://sfira.org/tombstone/view?id=6905
SDB 554,https://sfira.org/tombstone/view?id=6906
SDB 555,https://sfira.org/tombstone/view?id=6907
SDB 556,https://sfira.org/tombstone/view?id=6908
SDB 557,https://sfira.org/tombstone/view?id=6909
SDB 558,https://sfira.org/tombstone/view?id=6910
SDB 559,https://sfira.org/tombstone/view?id=6911
SDB 560,https://sfira.org/tombstone/view?id=6912
SDB 561,https://sfira.org/tombstone/view?id=6913
SDB 563,https://sfira.org/tombstone/view?id=6915
SDB 562,https://sfira.org/tombstone/view?id=6914
SDB 564,https://sfira.org/tombstone/view?id=6916
SDB 565,https://sfira.org/tombstone/view?id=6917
SDB 566,https://sfira.org/tombstone/view?id=6918
SDB 567,https://sfira.org/tombstone/view?id=6919
SDB 568,https://sfira.org/tombstone/view?id=6920
SDB 569,https://sfira.org/tombstone/view?id=6921
SDB 570a,https://sfira.org/tombstone/view?id=6923
SDB 571,https://sfira.org/tombstone/view?id=6924
SDB 573,https://sfira.org/tombstone/view?id=6926
SDB 570,https://sfira.org/tombstone/view?id=6922
SDB 572,https://sfira.org/tombstone/view?id=6925
SDB 574,https://sfira.org/tombstone/view?id=6927
SDB 575,https://sfira.org/tombstone/view?id=6928
SDB 576,https://sfira.org/tombstone/view?id=6929
SDB 577,https://sfira.org/tombstone/view?id=6930
SDB 578,https://sfira.org/tombstone/view?id=6931
SDB 580,https://sfira.org/tombstone/view?id=6933
SDB 581,https://sfira.org/tombstone/view?id=6934
SDB 582a,https://sfira.org/tombstone/view?id=6936
SDB 583,https://sfira.org/tombstone/view?id=6937
SDB 579,https://sfira.org/tombstone/view?id=6932
SDB 582,https://sfira.org/tombstone/view?id=6935
SDB 584,https://sfira.org/tombstone/view?id=6938
SDB 585,https://sfira.org/tombstone/view?id=6939
SDB 586,https://sfira.org/tombstone/view?id=6940
SDB 587,https://sfira.org/tombstone/view?id=6941
SDB 588,https://sfira.org/tombstone/view?id=6942
SDB 589,https://sfira.org/tombstone/view?id=6943
SDB 590,https://sfira.org/tombstone/view?id=6944
SDB 591,https://sfira.org/tombstone/view?id=6945
SDB 592,https://sfira.org/tombstone/view?id=6946
SDB 593,https://sfira.org/tombstone/view?id=6947
SDB 594,https://sfira.org/tombstone/view?id=6948
SDB 595,https://sfira.org/tombstone/view?id=6949
SDB 596,https://sfira.org/tombstone/view?id=6950
SDB 597,https://sfira.org/tombstone/view?id=6951
SDB 598,https://sfira.org/tombstone/view?id=6952
SDB 599,https://sfira.org/tombstone/view?id=6953
SDB 599A,https://sfira.org/tombstone/view?id=6954
SDB 600,https://sfira.org/tombstone/view?id=6955
SDB 601,https://sfira.org/tombstone/view?id=6956
SDB 602,https://sfira.org/tombstone/view?id=6957
SDB 604,https://sfira.org/tombstone/view?id=6958
SDB 605,https://sfira.org/tombstone/view?id=6959
SDB 606,https://sfira.org/tombstone/view?id=6960
SDB 608,https://sfira.org/tombstone/view?id=6961
SDB 609,https://sfira.org/tombstone/view?id=6962
SDB 610,https://sfira.org/tombstone/view?id=6963
SDB 611,https://sfira.org/tombstone/view?id=6964
SDB 611A,https://sfira.org/tombstone/view?id=6965
SDB 612,https://sfira.org/tombstone/view?id=6966
SDB 613,https://sfira.org/tombstone/view?id=6967
SDB 614,https://sfira.org/tombstone/view?id=6968
SDB 615,https://sfira.org/tombstone/view?id=6969
SDB 616,https://sfira.org/tombstone/view?id=6970
SDB 617,https://sfira.org/tombstone/view?id=6971
SDB 618,https://sfira.org/tombstone/view?id=6972
SDB 619,https://sfira.org/tombstone/view?id=6973
SDB 620,https://sfira.org/tombstone/view?id=6974
SDB 621,https://sfira.org/tombstone/view?id=6975
SDB 622,https://sfira.org/tombstone/view?id=6976
SDB 623,https://sfira.org/tombstone/view?id=6977
SDB 624,https://sfira.org/tombstone/view?id=6978
SDB 625,https://sfira.org/tombstone/view?id=6979
SDB 626,https://sfira.org/tombstone/view?id=6980
SDB 629,https://sfira.org/tombstone/view?id=6982
SDB 630,https://sfira.org/tombstone/view?id=6983
SDB 631,https://sfira.org/tombstone/view?id=6984
SDB 627,https://sfira.org/tombstone/view?id=6981
SDB 632,https://sfira.org/tombstone/view?id=6985
SDB 633,https://sfira.org/tombstone/view?id=6986
SDB 634,https://sfira.org/tombstone/view?id=6987
SDB 635,https://sfira.org/tombstone/view?id=6988
SDB 636,https://sfira.org/tombstone/view?id=6989
SDB 636A,https://sfira.org/tombstone/view?id=6990
SDB 637,https://sfira.org/tombstone/view?id=6991
SDB 637A,https://sfira.org/tombstone/view?id=6992
SDB 638,https://sfira.org/tombstone/view?id=6993
SDB 639,https://sfira.org/tombstone/view?id=6994
SDB 640,https://sfira.org/tombstone/view?id=6995
SDB 640A,https://sfira.org/tombstone/view?id=6996
SDB 641,https://sfira.org/tombstone/view?id=6997
SDB 642,https://sfira.org/tombstone/view?id=6998
SDB 643,https://sfira.org/tombstone/view?id=6999
SDB 644,https://sfira.org/tombstone/view?id=7000
SDB 645,https://sfira.org/tombstone/view?id=7001
SDB 646,https://sfira.org/tombstone/view?id=7002
SDB 646A,https://sfira.org/tombstone/view?id=7003
SDB 647,https://sfira.org/tombstone/view?id=7004
SDB 647A,https://sfira.org/tombstone/view?id=7005
SDB 648,https://sfira.org/tombstone/view?id=7006
SDB 649,https://sfira.org/tombstone/view?id=7007
SDB 650,https://sfira.org/tombstone/view?id=7008
SDB 650A,https://sfira.org/tombstone/view?id=7009
SDB 651,https://sfira.org/tombstone/view?id=7010
SDB 652,https://sfira.org/tombstone/view?id=7011
SDB 653,https://sfira.org/tombstone/view?id=7012
SDB 654,https://sfira.org/tombstone/view?id=7013
SDB 655,https://sfira.org/tombstone/view?id=7014
SDB 656,https://sfira.org/tombstone/view?id=7015
SDB 657,https://sfira.org/tombstone/view?id=7016
SDB 658,https://sfira.org/tombstone/view?id=7017
SDB 658A,https://sfira.org/tombstone/view?id=7018
SDB 659,https://sfira.org/tombstone/view?id=7019
SDB 659A,https://sfira.org/tombstone/view?id=7020
SDB 660,https://sfira.org/tombstone/view?id=7021
SDB 661,https://sfira.org/tombstone/view?id=7022
SDB 662,https://sfira.org/tombstone/view?id=7023
SDB 663,https://sfira.org/tombstone/view?id=7024
SDB 664,https://sfira.org/tombstone/view?id=7025
SDB 665,https://sfira.org/tombstone/view?id=7026
SDB 666,https://sfira.org/tombstone/view?id=7027
SDB 667,https://sfira.org/tombstone/view?id=7028
SDB 668,https://sfira.org/tombstone/view?id=7029
SDB 669,https://sfira.org/tombstone/view?id=7030
SDB 670,https://sfira.org/tombstone/view?id=7031
SDB 671,https://sfira.org/tombstone/view?id=7032
SDB 672,https://sfira.org/tombstone/view?id=7033
SDB 673,https://sfira.org/tombstone/view?id=7034
SDB 674,https://sfira.org/tombstone/view?id=7035
SDB 675,https://sfira.org/tombstone/view?id=7036
SDB 677,https://sfira.org/tombstone/view?id=7038
SDB 676,https://sfira.org/tombstone/view?id=7037
SDB 1001,https://sfira.org/tombstone/view?id=7039
SDB 1002,https://sfira.org/tombstone/view?id=7040
SDB 1003,https://sfira.org/tombstone/view?id=7041
SDB 1004,https://sfira.org/tombstone/view?id=7042
SDB 1005,https://sfira.org/tombstone/view?id=7043
SDB 1006,https://sfira.org/tombstone/view?id=7044
SDB 1007,https://sfira.org/tombstone/view?id=7045
SDB 1008,https://sfira.org/tombstone/view?id=7046
SDB 1009,https://sfira.org/tombstone/view?id=7047
SDB 1010,https://sfira.org/tombstone/view?id=7048
SDB 1012,https://sfira.org/tombstone/view?id=7050
SDB 1013,https://sfira.org/tombstone/view?id=7051
SDB 1014,https://sfira.org/tombstone/view?id=7052
SDB 1015,https://sfira.org/tombstone/view?id=7053
SDB 1011,https://sfira.org/tombstone/view?id=7049
SDB 1016,https://sfira.org/tombstone/view?id=7054
SDB 1017,https://sfira.org/tombstone/view?id=7055
SDB 1018,https://sfira.org/tombstone/view?id=7056
SDB 1018a,https://sfira.org/tombstone/view?id=7057
SDB 1019,https://sfira.org/tombstone/view?id=7058
SDB 1020,https://sfira.org/tombstone/view?id=7059
SDB 1021,https://sfira.org/tombstone/view?id=7060
SDB 1022,https://sfira.org/tombstone/view?id=7061
SDB 1024,https://sfira.org/tombstone/view?id=7062
SDB 1026,https://sfira.org/tombstone/view?id=7064
SDB 1027,https://sfira.org/tombstone/view?id=7065
SDB 1025,https://sfira.org/tombstone/view?id=7063
SDB 1028,https://sfira.org/tombstone/view?id=7066
SDB 1029,https://sfira.org/tombstone/view?id=7067
SDB 1030,https://sfira.org/tombstone/view?id=7068
SDB 1031,https://sfira.org/tombstone/view?id=7069
SDB 1031a,https://sfira.org/tombstone/view?id=7070
SDB 1032,https://sfira.org/tombstone/view?id=7071
SDB 1033,https://sfira.org/tombstone/view?id=7072
SDB 1034,https://sfira.org/tombstone/view?id=7073
SDB 1035,https://sfira.org/tombstone/view?id=7074
SDB 1036,https://sfira.org/tombstone/view?id=7075
SDB 1037,https://sfira.org/tombstone/view?id=7076
SDB 1039,https://sfira.org/tombstone/view?id=7078
SDB 1040,https://sfira.org/tombstone/view?id=7079
SDB 1041,https://sfira.org/tombstone/view?id=7080
SDB 1042,https://sfira.org/tombstone/view?id=7081
SDB 1038,https://sfira.org/tombstone/view?id=7077
SDB 1043,https://sfira.org/tombstone/view?id=7082
SDB 2001,https://sfira.org/tombstone/view?id=7083
SDB 2002,https://sfira.org/tombstone/view?id=7084
SDB 2003,https://sfira.org/tombstone/view?id=7085
SDB 2004,https://sfira.org/tombstone/view?id=7086
SDB 2005,https://sfira.org/tombstone/view?id=7087
SDB 2006,https://sfira.org/tombstone/view?id=7088
SDB 2007,https://sfira.org/tombstone/view?id=7089
SDB 2008,https://sfira.org/tombstone/view?id=7090
SDB 2009,https://sfira.org/tombstone/view?id=7091
SDB 2011,https://sfira.org/tombstone/view?id=7093
SDB 2012,https://sfira.org/tombstone/view?id=7094
SDB 2013,https://sfira.org/tombstone/view?id=7095
SDB 2010,https://sfira.org/tombstone/view?id=7092
SDB 2014,https://sfira.org/tombstone/view?id=7096
SDB 2015,https://sfira.org/tombstone/view?id=7097
SDB 2016,https://sfira.org/tombstone/view?id=7098
SDB 2017,https://sfira.org/tombstone/view?id=7099
SDB 2018,https://sfira.org/tombstone/view?id=7100
SDB 2019,https://sfira.org/tombstone/view?id=7101
SDB 2020,https://sfira.org/tombstone/view?id=7102
SDB 2021,https://sfira.org/tombstone/view?id=7103
SDB 2022,https://sfira.org/tombstone/view?id=7104
SDB 2023,https://sfira.org/tombstone/view?id=7105
SDB 2024,https://sfira.org/tombstone/view?id=7106
SDB 2025,https://sfira.org/tombstone/view?id=7107
SDB 2026,https://sfira.org/tombstone/view?id=7108
SDB 2027,https://sfira.org/tombstone/view?id=7109
SDB 2028a,https://sfira.org/tombstone/view?id=7111
SDB 2028,https://sfira.org/tombstone/view?id=7110
SDB 2029,https://sfira.org/tombstone/view?id=7113
SDB 2030,https://sfira.org/tombstone/view?id=7114
SDB 2031,https://sfira.org/tombstone/view?id=7115
SDB 2032,https://sfira.org/tombstone/view?id=7116
SDB 2033,https://sfira.org/tombstone/view?id=7117
SDB 2034,https://sfira.org/tombstone/view?id=7118
SDB 2035,https://sfira.org/tombstone/view?id=7119
SDB 2036,https://sfira.org/tombstone/view?id=7120
SDB 2037,https://sfira.org/tombstone/view?id=7121
SDB 2038,https://sfira.org/tombstone/view?id=7122
SDB 2039,https://sfira.org/tombstone/view?id=7123
SDB 2040,https://sfira.org/tombstone/view?id=7124
SDB 2041,https://sfira.org/tombstone/view?id=7125
SDB 2042,https://sfira.org/tombstone/view?id=7126
1,https://sfira.org/tombstone/view?id=7127
TUL 1,https://sfira.org/tombstone/view?id=7129
RSK 123,https://sfira.org/tombstone/view?id=7128
TUL 2,https://sfira.org/tombstone/view?id=7130
TUL 3,https://sfira.org/tombstone/view?id=7131
TUL 4,https://sfira.org/tombstone/view?id=7132
TUL 5,https://sfira.org/tombstone/view?id=7133
TUL 6,https://sfira.org/tombstone/view?id=7134
TUL 7,https://sfira.org/tombstone/view?id=7135
TUL 8,https://sfira.org/tombstone/view?id=7136
TUL 9,https://sfira.org/tombstone/view?id=7137
TUL 10,https://sfira.org/tombstone/view?id=7138
TUL 11,https://sfira.org/tombstone/view?id=7139
TUL 12,https://sfira.org/tombstone/view?id=7140
TUL 13,https://sfira.org/tombstone/view?id=7141
TUL 14,https://sfira.org/tombstone/view?id=7142
TUL 14A,https://sfira.org/tombstone/view?id=7143
TUL 15,https://sfira.org/tombstone/view?id=7144
TUL 16,https://sfira.org/tombstone/view?id=7145
TUL 17,https://sfira.org/tombstone/view?id=7146
TUL 18,https://sfira.org/tombstone/view?id=7147
TUL 19,https://sfira.org/tombstone/view?id=7148
TUL 20,https://sfira.org/tombstone/view?id=7149
TUL 21,https://sfira.org/tombstone/view?id=7150
TUL 22,https://sfira.org/tombstone/view?id=7151
TUL 23,https://sfira.org/tombstone/view?id=7152
TUL 24,https://sfira.org/tombstone/view?id=7153
TUL 25,https://sfira.org/tombstone/view?id=7154
TUL 26,https://sfira.org/tombstone/view?id=7155
TUL 27,https://sfira.org/tombstone/view?id=7156
TUL 28,https://sfira.org/tombstone/view?id=7157
TUL 29,https://sfira.org/tombstone/view?id=7158
TUL 30,https://sfira.org/tombstone/view?id=7159
TUL 31,https://sfira.org/tombstone/view?id=7160
TUL 32,https://sfira.org/tombstone/view?id=7161
TUL 33,https://sfira.org/tombstone/view?id=7162
TUL 34,https://sfira.org/tombstone/view?id=7163
TUL 35,https://sfira.org/tombstone/view?id=7164
TUL 36,https://sfira.org/tombstone/view?id=7165
TUL 37,https://sfira.org/tombstone/view?id=7166
TUL 38,https://sfira.org/tombstone/view?id=7167
TUL 39,https://sfira.org/tombstone/view?id=7168
TUL 40,https://sfira.org/tombstone/view?id=7169
TUL 41,https://sfira.org/tombstone/view?id=7170
TUL 42,https://sfira.org/tombstone/view?id=7171
TUL 43,https://sfira.org/tombstone/view?id=7172
TUL 44,https://sfira.org/tombstone/view?id=7173
TUL 45,https://sfira.org/tombstone/view?id=7174
TUL 46,https://sfira.org/tombstone/view?id=7175
TUL 47,https://sfira.org/tombstone/view?id=7176
TUL 48,https://sfira.org/tombstone/view?id=7177
TUL 49,https://sfira.org/tombstone/view?id=7178
TUL 50,https://sfira.org/tombstone/view?id=7179
TUL 51,https://sfira.org/tombstone/view?id=7180
TUL 52,https://sfira.org/tombstone/view?id=7181
TUL 53,https://sfira.org/tombstone/view?id=7182
TUL 54,https://sfira.org/tombstone/view?id=7183
TUL 55,https://sfira.org/tombstone/view?id=7184
TUL 56,https://sfira.org/tombstone/view?id=7185
TUL 57,https://sfira.org/tombstone/view?id=7186
TUL 58,https://sfira.org/tombstone/view?id=7187
TUL 59,https://sfira.org/tombstone/view?id=7188
TUL 60,https://sfira.org/tombstone/view?id=7189
TUL 61,https://sfira.org/tombstone/view?id=7190
TUL 62,https://sfira.org/tombstone/view?id=7191
TUL 63,https://sfira.org/tombstone/view?id=7192
TUL 64,https://sfira.org/tombstone/view?id=7193
TUL 65,https://sfira.org/tombstone/view?id=7194
TUL 66,https://sfira.org/tombstone/view?id=7195
TUL 67,https://sfira.org/tombstone/view?id=7196
TUL 68,https://sfira.org/tombstone/view?id=7197
TUL 69,https://sfira.org/tombstone/view?id=7198
TUL 70,https://sfira.org/tombstone/view?id=7199
TUL 71,https://sfira.org/tombstone/view?id=7200
TUL 72,https://sfira.org/tombstone/view?id=7201
TUL 73,https://sfira.org/tombstone/view?id=7202
TUL 74,https://sfira.org/tombstone/view?id=7203
TUL 75,https://sfira.org/tombstone/view?id=7204
TUL 76,https://sfira.org/tombstone/view?id=7205
TUL 77,https://sfira.org/tombstone/view?id=7206
TUL 78,https://sfira.org/tombstone/view?id=7207
TUL 79,https://sfira.org/tombstone/view?id=7208
TUL 80,https://sfira.org/tombstone/view?id=7209
TUL 81,https://sfira.org/tombstone/view?id=7210
TUL 82,https://sfira.org/tombstone/view?id=7211
TUL 83,https://sfira.org/tombstone/view?id=7212
TUL 84,https://sfira.org/tombstone/view?id=7213
TUL 85,https://sfira.org/tombstone/view?id=7214
TUL 86,https://sfira.org/tombstone/view?id=7215
TUL 87,https://sfira.org/tombstone/view?id=7216
TUL 88,https://sfira.org/tombstone/view?id=7217
TUL 89,https://sfira.org/tombstone/view?id=7218
TUL 90,https://sfira.org/tombstone/view?id=7219
TUL 91,https://sfira.org/tombstone/view?id=7220
TUL 91A,https://sfira.org/tombstone/view?id=7221
TUL 92,https://sfira.org/tombstone/view?id=7222
TUL 93,https://sfira.org/tombstone/view?id=7223
TUL 94,https://sfira.org/tombstone/view?id=7224
TUL 95,https://sfira.org/tombstone/view?id=7225
TUL 96,https://sfira.org/tombstone/view?id=7226
TUL 97,https://sfira.org/tombstone/view?id=7227
TUL 98,https://sfira.org/tombstone/view?id=7228
TUL 99,https://sfira.org/tombstone/view?id=7229
TUL 100,https://sfira.org/tombstone/view?id=7230
TUL 101,https://sfira.org/tombstone/view?id=7231
TUL 102,https://sfira.org/tombstone/view?id=7232
TUL 103,https://sfira.org/tombstone/view?id=7233
TUL 104,https://sfira.org/tombstone/view?id=7234
TUL 105,https://sfira.org/tombstone/view?id=7235
TUL 106,https://sfira.org/tombstone/view?id=7236
TUL 107,https://sfira.org/tombstone/view?id=7237
TUL 108,https://sfira.org/tombstone/view?id=7238
TUL 109,https://sfira.org/tombstone/view?id=7239
TUL 110,https://sfira.org/tombstone/view?id=7240
TUL 111,https://sfira.org/tombstone/view?id=7241
TUL 112,https://sfira.org/tombstone/view?id=7242
TUL 113,https://sfira.org/tombstone/view?id=7243
TUL 114,https://sfira.org/tombstone/view?id=7244
TUL 115,https://sfira.org/tombstone/view?id=7245
TUL 116,https://sfira.org/tombstone/view?id=7246
TUL 117,https://sfira.org/tombstone/view?id=7247
TUL 118,https://sfira.org/tombstone/view?id=7248
TUL 119,https://sfira.org/tombstone/view?id=7249
TUL 120,https://sfira.org/tombstone/view?id=7250
TUL 121,https://sfira.org/tombstone/view?id=7251
TUL 123,https://sfira.org/tombstone/view?id=7253
TUL 124,https://sfira.org/tombstone/view?id=7254
TUL 125,https://sfira.org/tombstone/view?id=7255
TUL 126,https://sfira.org/tombstone/view?id=7256
TUL 127,https://sfira.org/tombstone/view?id=7257
TUL 128,https://sfira.org/tombstone/view?id=7258
TUL 129,https://sfira.org/tombstone/view?id=7259
TUL 130,https://sfira.org/tombstone/view?id=7260
TUL 130A,https://sfira.org/tombstone/view?id=7261
TUL 131,https://sfira.org/tombstone/view?id=7262
TUL 132,https://sfira.org/tombstone/view?id=7263
TUL 133,https://sfira.org/tombstone/view?id=7264
TUL 122,https://sfira.org/tombstone/view?id=7252
TUL 134,https://sfira.org/tombstone/view?id=7265
TUL 135,https://sfira.org/tombstone/view?id=7266
TUL 136,https://sfira.org/tombstone/view?id=7267
TUL 137,https://sfira.org/tombstone/view?id=7268
TUL 138,https://sfira.org/tombstone/view?id=7269
TUL 139,https://sfira.org/tombstone/view?id=7270
TUL 140,https://sfira.org/tombstone/view?id=7271
TUL 141,https://sfira.org/tombstone/view?id=7272
TUL 142,https://sfira.org/tombstone/view?id=7273
TUL 143,https://sfira.org/tombstone/view?id=7274
TUL 144,https://sfira.org/tombstone/view?id=7275
TUL 145,https://sfira.org/tombstone/view?id=7276
TUL 146,https://sfira.org/tombstone/view?id=7277
TUL 148,https://sfira.org/tombstone/view?id=7279
TUL 149,https://sfira.org/tombstone/view?id=7280
TUL 150,https://sfira.org/tombstone/view?id=7281
TUL 151,https://sfira.org/tombstone/view?id=7282
TUL 152,https://sfira.org/tombstone/view?id=7283
TUL 153,https://sfira.org/tombstone/view?id=7284
TUL 154,https://sfira.org/tombstone/view?id=7285
TUL 155,https://sfira.org/tombstone/view?id=7286
TUL 156,https://sfira.org/tombstone/view?id=7287
TUL 157,https://sfira.org/tombstone/view?id=7288
TUL 158,https://sfira.org/tombstone/view?id=7289
TUL 159,https://sfira.org/tombstone/view?id=7290
TUL 160,https://sfira.org/tombstone/view?id=7291
TUL 161,https://sfira.org/tombstone/view?id=7292
TUL 147,https://sfira.org/tombstone/view?id=7278
TUL 162,https://sfira.org/tombstone/view?id=7293
TUL 163,https://sfira.org/tombstone/view?id=7294
TUL 164,https://sfira.org/tombstone/view?id=7295
TUL 165,https://sfira.org/tombstone/view?id=7296
TUL 166,https://sfira.org/tombstone/view?id=7297
TUL 167,https://sfira.org/tombstone/view?id=7298
TUL 168,https://sfira.org/tombstone/view?id=7299
TUL 169,https://sfira.org/tombstone/view?id=7300
TUL 170,https://sfira.org/tombstone/view?id=7301
TUL 171,https://sfira.org/tombstone/view?id=7302
TUL 172,https://sfira.org/tombstone/view?id=7303
TUL 173,https://sfira.org/tombstone/view?id=7304
TUL 174,https://sfira.org/tombstone/view?id=7305
TUL 175,https://sfira.org/tombstone/view?id=7306
TUL 176,https://sfira.org/tombstone/view?id=7307
TUL 177,https://sfira.org/tombstone/view?id=7308
TUL 178,https://sfira.org/tombstone/view?id=7309
TUL 179,https://sfira.org/tombstone/view?id=7310
TUL 180,https://sfira.org/tombstone/view?id=7311
TUL 181,https://sfira.org/tombstone/view?id=7312
TUL 182,https://sfira.org/tombstone/view?id=7313
TUL 183,https://sfira.org/tombstone/view?id=7314
TUL 184,https://sfira.org/tombstone/view?id=7315
TUL 185,https://sfira.org/tombstone/view?id=7316
TUL 186,https://sfira.org/tombstone/view?id=7317
TUL 187,https://sfira.org/tombstone/view?id=7318
TUL 188,https://sfira.org/tombstone/view?id=7319
TUL 189,https://sfira.org/tombstone/view?id=7320
TUL 190,https://sfira.org/tombstone/view?id=7321
TUL 191,https://sfira.org/tombstone/view?id=7322
TUL 192,https://sfira.org/tombstone/view?id=7323
TUL 193,https://sfira.org/tombstone/view?id=7324
TUL 194,https://sfira.org/tombstone/view?id=7325
TUL 195,https://sfira.org/tombstone/view?id=7326
TUL 197,https://sfira.org/tombstone/view?id=7328
TUL 196,https://sfira.org/tombstone/view?id=7327
TUL 198,https://sfira.org/tombstone/view?id=7329
TUL 199,https://sfira.org/tombstone/view?id=7330
TUL 200,https://sfira.org/tombstone/view?id=7331
TUL 201,https://sfira.org/tombstone/view?id=7332
TUL 202,https://sfira.org/tombstone/view?id=7333
TUL 203,https://sfira.org/tombstone/view?id=7334
TUL 204,https://sfira.org/tombstone/view?id=7335
TUL 205,https://sfira.org/tombstone/view?id=7336
TUL 206,https://sfira.org/tombstone/view?id=7337
TUL 207,https://sfira.org/tombstone/view?id=7338
TUL 208,https://sfira.org/tombstone/view?id=7339
TUL 209,https://sfira.org/tombstone/view?id=7340
TUL 210,https://sfira.org/tombstone/view?id=7341
TUL 211,https://sfira.org/tombstone/view?id=7342
TUL 212,https://sfira.org/tombstone/view?id=7343
TUL 213,https://sfira.org/tombstone/view?id=7344
TUL 214,https://sfira.org/tombstone/view?id=7345
TUL 215,https://sfira.org/tombstone/view?id=7346
TUL 216,https://sfira.org/tombstone/view?id=7347
TUL 217,https://sfira.org/tombstone/view?id=7348
TUL 218,https://sfira.org/tombstone/view?id=7349
TUL 219,https://sfira.org/tombstone/view?id=7350
TUL 221,https://sfira.org/tombstone/view?id=7352
TUL 222,https://sfira.org/tombstone/view?id=7353
TUL 223,https://sfira.org/tombstone/view?id=7354
TUL 224,https://sfira.org/tombstone/view?id=7355
TUL 224a,https://sfira.org/tombstone/view?id=7356
TUL 226,https://sfira.org/tombstone/view?id=7358
TUL 227,https://sfira.org/tombstone/view?id=7359
TUL 228,https://sfira.org/tombstone/view?id=7360
TUL 229,https://sfira.org/tombstone/view?id=7361
TUL 230,https://sfira.org/tombstone/view?id=7362
TUL 231,https://sfira.org/tombstone/view?id=7363
TUL 232,https://sfira.org/tombstone/view?id=7364
TUL 220,https://sfira.org/tombstone/view?id=7351
TUL 225,https://sfira.org/tombstone/view?id=7357
TUL 233,https://sfira.org/tombstone/view?id=7365
TUL 234,https://sfira.org/tombstone/view?id=7366
TUL 235,https://sfira.org/tombstone/view?id=7367
TUL 236,https://sfira.org/tombstone/view?id=7368
TUL 237,https://sfira.org/tombstone/view?id=7369
TUL 238,https://sfira.org/tombstone/view?id=7370
TUL 239,https://sfira.org/tombstone/view?id=7371
TUL 240,https://sfira.org/tombstone/view?id=7372
TUL 241,https://sfira.org/tombstone/view?id=7373
TUL 242,https://sfira.org/tombstone/view?id=7374
TUL 243,https://sfira.org/tombstone/view?id=7375
TUL 244,https://sfira.org/tombstone/view?id=7376
TUL 245,https://sfira.org/tombstone/view?id=7377
TUL 246,https://sfira.org/tombstone/view?id=7378
TUL 247,https://sfira.org/tombstone/view?id=7379
TUL 248,https://sfira.org/tombstone/view?id=7380
TUL 249,https://sfira.org/tombstone/view?id=7381
TUL 250,https://sfira.org/tombstone/view?id=7382
TUL 251,https://sfira.org/tombstone/view?id=7383
TUL 252,https://sfira.org/tombstone/view?id=7384
TUL 253,https://sfira.org/tombstone/view?id=7385
TUL 254,https://sfira.org/tombstone/view?id=7386
TUL 255,https://sfira.org/tombstone/view?id=7387
TUL 256,https://sfira.org/tombstone/view?id=7388
TUL 257,https://sfira.org/tombstone/view?id=7389
TUL 258,https://sfira.org/tombstone/view?id=7390
TUL 258A,https://sfira.org/tombstone/view?id=7391
TUL 260A,https://sfira.org/tombstone/view?id=7394
TUL 261,https://sfira.org/tombstone/view?id=7395
TUL 259,https://sfira.org/tombstone/view?id=7392
TUL 260,https://sfira.org/tombstone/view?id=7393
TUL 262,https://sfira.org/tombstone/view?id=7396
TUL 263,https://sfira.org/tombstone/view?id=7397
TUL 264,https://sfira.org/tombstone/view?id=7398
TUL 265,https://sfira.org/tombstone/view?id=7399
TUL 266,https://sfira.org/tombstone/view?id=7400
TUL 267,https://sfira.org/tombstone/view?id=7401
TUL 268,https://sfira.org/tombstone/view?id=7402
TUL 269,https://sfira.org/tombstone/view?id=7403
TUL 270,https://sfira.org/tombstone/view?id=7404
TUL 271,https://sfira.org/tombstone/view?id=7405
TUL 277,https://sfira.org/tombstone/view?id=7411
TUL 279,https://sfira.org/tombstone/view?id=7413
TUL 272,https://sfira.org/tombstone/view?id=7406
TUL 273,https://sfira.org/tombstone/view?id=7407
TUL 274,https://sfira.org/tombstone/view?id=7408
TUL 275,https://sfira.org/tombstone/view?id=7409
TUL 281,https://sfira.org/tombstone/view?id=7415
TUL 282,https://sfira.org/tombstone/view?id=7416
TUL 283,https://sfira.org/tombstone/view?id=7417
TUL 284,https://sfira.org/tombstone/view?id=7418
TUL 285,https://sfira.org/tombstone/view?id=7419
TUL 291,https://sfira.org/tombstone/view?id=7425
TUL 292,https://sfira.org/tombstone/view?id=7426
TUL 293,https://sfira.org/tombstone/view?id=7427
TUL 294,https://sfira.org/tombstone/view?id=7428
TUL 297,https://sfira.org/tombstone/view?id=7431
TUL 298,https://sfira.org/tombstone/view?id=7432
TUL 299,https://sfira.org/tombstone/view?id=7433
TUL 300,https://sfira.org/tombstone/view?id=7434
TUL 301,https://sfira.org/tombstone/view?id=7435
TUL 276,https://sfira.org/tombstone/view?id=7410
TUL 278,https://sfira.org/tombstone/view?id=7412
TUL 280,https://sfira.org/tombstone/view?id=7414
TUL 286,https://sfira.org/tombstone/view?id=7420
TUL 287,https://sfira.org/tombstone/view?id=7421
TUL 302,https://sfira.org/tombstone/view?id=7436
TUL 303,https://sfira.org/tombstone/view?id=7437
TUL 304,https://sfira.org/tombstone/view?id=7438
TUL 306,https://sfira.org/tombstone/view?id=7440
TUL 307,https://sfira.org/tombstone/view?id=7441
TUL 310,https://sfira.org/tombstone/view?id=7444
TUL 311,https://sfira.org/tombstone/view?id=7445
TUL 313,https://sfira.org/tombstone/view?id=7447
TUL 314,https://sfira.org/tombstone/view?id=7448
TUL 288,https://sfira.org/tombstone/view?id=7422
TUL 289,https://sfira.org/tombstone/view?id=7423
TUL 290,https://sfira.org/tombstone/view?id=7424
TUL 295,https://sfira.org/tombstone/view?id=7429
TUL 315,https://sfira.org/tombstone/view?id=7449
TUL 317,https://sfira.org/tombstone/view?id=7451
TUL 321,https://sfira.org/tombstone/view?id=7455
TUL 322,https://sfira.org/tombstone/view?id=7456
TUL 323,https://sfira.org/tombstone/view?id=7457
TUL 324,https://sfira.org/tombstone/view?id=7458
TUL 326,https://sfira.org/tombstone/view?id=7460
TUL 327,https://sfira.org/tombstone/view?id=7461
TUL 328,https://sfira.org/tombstone/view?id=7462
TUL 296,https://sfira.org/tombstone/view?id=7430
TUL 305,https://sfira.org/tombstone/view?id=7439
TUL 308,https://sfira.org/tombstone/view?id=7442
TUL 309,https://sfira.org/tombstone/view?id=7443
TUL 312,https://sfira.org/tombstone/view?id=7446
TUL 329,https://sfira.org/tombstone/view?id=7463
TUL 331,https://sfira.org/tombstone/view?id=7465
TUL 332,https://sfira.org/tombstone/view?id=7466
TUL 333,https://sfira.org/tombstone/view?id=7467
TUL 316,https://sfira.org/tombstone/view?id=7450
TUL 318,https://sfira.org/tombstone/view?id=7452
TUL 319,https://sfira.org/tombstone/view?id=7453
TUL 320,https://sfira.org/tombstone/view?id=7454
TUL 334,https://sfira.org/tombstone/view?id=7468
TUL 339,https://sfira.org/tombstone/view?id=7473
TUL 340,https://sfira.org/tombstone/view?id=7474
TUL 341,https://sfira.org/tombstone/view?id=7475
TUL 342,https://sfira.org/tombstone/view?id=7476
TUL 343,https://sfira.org/tombstone/view?id=7477
TUL 344,https://sfira.org/tombstone/view?id=7478
TUL 325,https://sfira.org/tombstone/view?id=7459
TUL 330,https://sfira.org/tombstone/view?id=7464
TUL 335,https://sfira.org/tombstone/view?id=7469
TUL 336,https://sfira.org/tombstone/view?id=7470
TUL 337,https://sfira.org/tombstone/view?id=7471
TUL 346,https://sfira.org/tombstone/view?id=7480
TUL 348,https://sfira.org/tombstone/view?id=7482
TUL 349,https://sfira.org/tombstone/view?id=7483
TUL 338,https://sfira.org/tombstone/view?id=7472
TUL 345,https://sfira.org/tombstone/view?id=7479
TUL 347,https://sfira.org/tombstone/view?id=7481
TUL 350,https://sfira.org/tombstone/view?id=7484
TUL 351,https://sfira.org/tombstone/view?id=7485
TUL 352,https://sfira.org/tombstone/view?id=7486
TUL 353,https://sfira.org/tombstone/view?id=7487
TUL 354,https://sfira.org/tombstone/view?id=7488
TUL 355,https://sfira.org/tombstone/view?id=7489
TUL 357,https://sfira.org/tombstone/view?id=7491
TUL 358,https://sfira.org/tombstone/view?id=7492
TUL 356,https://sfira.org/tombstone/view?id=7490
TUL 359,https://sfira.org/tombstone/view?id=7493
TUL 360,https://sfira.org/tombstone/view?id=7494
TUL 361,https://sfira.org/tombstone/view?id=7495
TUL 362,https://sfira.org/tombstone/view?id=7496
TUL 363,https://sfira.org/tombstone/view?id=7497
TUL 364,https://sfira.org/tombstone/view?id=7498
TUL 365,https://sfira.org/tombstone/view?id=7499
TUL 370,https://sfira.org/tombstone/view?id=7504
TUL 371,https://sfira.org/tombstone/view?id=7505
TUL 373,https://sfira.org/tombstone/view?id=7507
TUL 374,https://sfira.org/tombstone/view?id=7508
TUL 375,https://sfira.org/tombstone/view?id=7509
TUL 366,https://sfira.org/tombstone/view?id=7500
TUL 367,https://sfira.org/tombstone/view?id=7501
TUL 368,https://sfira.org/tombstone/view?id=7502
TUL 369,https://sfira.org/tombstone/view?id=7503
TUL 372,https://sfira.org/tombstone/view?id=7506
TUL 376,https://sfira.org/tombstone/view?id=7510
TUL 378,https://sfira.org/tombstone/view?id=7512
TUL 380,https://sfira.org/tombstone/view?id=7514
TUL 381,https://sfira.org/tombstone/view?id=7515
TUL 382,https://sfira.org/tombstone/view?id=7516
TUL 383,https://sfira.org/tombstone/view?id=7517
TUL 384,https://sfira.org/tombstone/view?id=7518
TUL 377,https://sfira.org/tombstone/view?id=7511
TUL 379,https://sfira.org/tombstone/view?id=7513
TUL 385,https://sfira.org/tombstone/view?id=7519
TUL 386,https://sfira.org/tombstone/view?id=7520
TUL 387,https://sfira.org/tombstone/view?id=7521
TUL 388,https://sfira.org/tombstone/view?id=7522
TUL 389,https://sfira.org/tombstone/view?id=7523
TUL 390,https://sfira.org/tombstone/view?id=7524
TUL 391,https://sfira.org/tombstone/view?id=7525
TUL 392,https://sfira.org/tombstone/view?id=7526
TUL 393,https://sfira.org/tombstone/view?id=7527
TUL 394,https://sfira.org/tombstone/view?id=7528
TUL 394A,https://sfira.org/tombstone/view?id=7529
TUL 395,https://sfira.org/tombstone/view?id=7530
TUL 396,https://sfira.org/tombstone/view?id=7531
TUL 397,https://sfira.org/tombstone/view?id=7532
TUL 398,https://sfira.org/tombstone/view?id=7533
TUL 400,https://sfira.org/tombstone/view?id=7534
TUL 401,https://sfira.org/tombstone/view?id=7535
TUL 402,https://sfira.org/tombstone/view?id=7536
TUL 403,https://sfira.org/tombstone/view?id=7537
TUL 404,https://sfira.org/tombstone/view?id=7538
TUL 405,https://sfira.org/tombstone/view?id=7539
TUL 406,https://sfira.org/tombstone/view?id=7540
TUL 407,https://sfira.org/tombstone/view?id=7541
TUL 408,https://sfira.org/tombstone/view?id=7542
TUL 409,https://sfira.org/tombstone/view?id=7543
TUL 410,https://sfira.org/tombstone/view?id=7544
TUL 411,https://sfira.org/tombstone/view?id=7545
TUL 412,https://sfira.org/tombstone/view?id=7546
TUL 413,https://sfira.org/tombstone/view?id=7547
TUL 414,https://sfira.org/tombstone/view?id=7548
TUL 415,https://sfira.org/tombstone/view?id=7549
TUL 416,https://sfira.org/tombstone/view?id=7550
TUL 417,https://sfira.org/tombstone/view?id=7551
TUL 418,https://sfira.org/tombstone/view?id=7552
TUL 419,https://sfira.org/tombstone/view?id=7553
TUL 420,https://sfira.org/tombstone/view?id=7554
TUL 421,https://sfira.org/tombstone/view?id=7555
TUL 422,https://sfira.org/tombstone/view?id=7556
TUL 423,https://sfira.org/tombstone/view?id=7557
TUL 424,https://sfira.org/tombstone/view?id=7558
TUL 425,https://sfira.org/tombstone/view?id=7559
TUL 426,https://sfira.org/tombstone/view?id=7560
TUL 426A,https://sfira.org/tombstone/view?id=7561
TUL 427,https://sfira.org/tombstone/view?id=7562
TUL 428,https://sfira.org/tombstone/view?id=7563
TUL 429,https://sfira.org/tombstone/view?id=7564
TUL 430,https://sfira.org/tombstone/view?id=7565
TUL 431,https://sfira.org/tombstone/view?id=7566
TUL 432,https://sfira.org/tombstone/view?id=7567
TUL 433,https://sfira.org/tombstone/view?id=7568
TUL 434,https://sfira.org/tombstone/view?id=7569
TUL 435,https://sfira.org/tombstone/view?id=7570
TUL 436,https://sfira.org/tombstone/view?id=7571
TUL 437,https://sfira.org/tombstone/view?id=7572
TUL 438,https://sfira.org/tombstone/view?id=7573
TUL 439,https://sfira.org/tombstone/view?id=7574
TUL 440,https://sfira.org/tombstone/view?id=7575
TUL 441,https://sfira.org/tombstone/view?id=7576
TUL 442,https://sfira.org/tombstone/view?id=7577
TUL 443,https://sfira.org/tombstone/view?id=7578
TUL 444,https://sfira.org/tombstone/view?id=7579
TUL 445,https://sfira.org/tombstone/view?id=7580
TUL 446,https://sfira.org/tombstone/view?id=7581
TUL 447,https://sfira.org/tombstone/view?id=7582
TUL 448,https://sfira.org/tombstone/view?id=7583
TUL 449,https://sfira.org/tombstone/view?id=7584
TUL 450,https://sfira.org/tombstone/view?id=7585
TUL 451,https://sfira.org/tombstone/view?id=7586
TUL 452,https://sfira.org/tombstone/view?id=7587
TUL 454,https://sfira.org/tombstone/view?id=7589
TUL 455,https://sfira.org/tombstone/view?id=7590
TUL 456,https://sfira.org/tombstone/view?id=7591
TUL 453,https://sfira.org/tombstone/view?id=7588
TUL 457,https://sfira.org/tombstone/view?id=7592
TUL 458,https://sfira.org/tombstone/view?id=7593
TUL 459,https://sfira.org/tombstone/view?id=7594
TUL 460,https://sfira.org/tombstone/view?id=7595
TUL 460A,https://sfira.org/tombstone/view?id=7596
TUL 461,https://sfira.org/tombstone/view?id=7597
TUL 462,https://sfira.org/tombstone/view?id=7598
TUL 463,https://sfira.org/tombstone/view?id=7599
TUL 464,https://sfira.org/tombstone/view?id=7600
TUL 465,https://sfira.org/tombstone/view?id=7601
TUL 466,https://sfira.org/tombstone/view?id=7602
TUL 467,https://sfira.org/tombstone/view?id=7603
TUL 468,https://sfira.org/tombstone/view?id=7604
TUL 469,https://sfira.org/tombstone/view?id=7605
TUL 470,https://sfira.org/tombstone/view?id=7606
TUL 471,https://sfira.org/tombstone/view?id=7607
TUL 472,https://sfira.org/tombstone/view?id=7608
TUL 473,https://sfira.org/tombstone/view?id=7609
TUL 474,https://sfira.org/tombstone/view?id=7610
TUL 475,https://sfira.org/tombstone/view?id=7611
TUL 476,https://sfira.org/tombstone/view?id=7612
TUL 477,https://sfira.org/tombstone/view?id=7613
TUL 478,https://sfira.org/tombstone/view?id=7614
TUL 479,https://sfira.org/tombstone/view?id=7615
TUL 480,https://sfira.org/tombstone/view?id=7616
TUL 481,https://sfira.org/tombstone/view?id=7617
TUL 483,https://sfira.org/tombstone/view?id=7619
TUL 484,https://sfira.org/tombstone/view?id=7620
TUL 485,https://sfira.org/tombstone/view?id=7621
TUL 486,https://sfira.org/tombstone/view?id=7622
TUL 482,https://sfira.org/tombstone/view?id=7618
TUL 487,https://sfira.org/tombstone/view?id=7623
TUL 488,https://sfira.org/tombstone/view?id=7624
TUL 489,https://sfira.org/tombstone/view?id=7625
TUL 490,https://sfira.org/tombstone/view?id=7626
TUL 491,https://sfira.org/tombstone/view?id=7627
TUL 492,https://sfira.org/tombstone/view?id=7628
TUL 493,https://sfira.org/tombstone/view?id=7629
TUL 494,https://sfira.org/tombstone/view?id=7630
TUL 495,https://sfira.org/tombstone/view?id=7631
TUL 496,https://sfira.org/tombstone/view?id=7632
TUL 497,https://sfira.org/tombstone/view?id=7633
TUL 498,https://sfira.org/tombstone/view?id=7634
TUL 499,https://sfira.org/tombstone/view?id=7635
TUL 500,https://sfira.org/tombstone/view?id=7636
TUL 501,https://sfira.org/tombstone/view?id=7637
TUL 502,https://sfira.org/tombstone/view?id=7638
TUL 503,https://sfira.org/tombstone/view?id=7639
TUL 504,https://sfira.org/tombstone/view?id=7640
TUL 505,https://sfira.org/tombstone/view?id=7641
TUL 506,https://sfira.org/tombstone/view?id=7642
TUL 507,https://sfira.org/tombstone/view?id=7643
TUL 508,https://sfira.org/tombstone/view?id=7644
TUL 509,https://sfira.org/tombstone/view?id=7645
TUL 510,https://sfira.org/tombstone/view?id=7646
TUL 511,https://sfira.org/tombstone/view?id=7647
TUL 512,https://sfira.org/tombstone/view?id=7648
TUL 513,https://sfira.org/tombstone/view?id=7649
TUL 514,https://sfira.org/tombstone/view?id=7650
TUL 515,https://sfira.org/tombstone/view?id=7651
TUL 516,https://sfira.org/tombstone/view?id=7652
TUL 517,https://sfira.org/tombstone/view?id=7653
TUL 518,https://sfira.org/tombstone/view?id=7654
TUL 519,https://sfira.org/tombstone/view?id=7655
TUL 520,https://sfira.org/tombstone/view?id=7656
TUL 521,https://sfira.org/tombstone/view?id=7657
TUL 522,https://sfira.org/tombstone/view?id=7658
TUL 523,https://sfira.org/tombstone/view?id=7659
TUL 524,https://sfira.org/tombstone/view?id=7660
TUL 525,https://sfira.org/tombstone/view?id=7661
TUL 526,https://sfira.org/tombstone/view?id=7662
TUL 527,https://sfira.org/tombstone/view?id=7663
TUL 528,https://sfira.org/tombstone/view?id=7664
TUL 529,https://sfira.org/tombstone/view?id=7665
TUL 530,https://sfira.org/tombstone/view?id=7666
TUL 531,https://sfira.org/tombstone/view?id=7667
TUL 532,https://sfira.org/tombstone/view?id=7668
TUL 533,https://sfira.org/tombstone/view?id=7669
TUL 534,https://sfira.org/tombstone/view?id=7670
TUL 535,https://sfira.org/tombstone/view?id=7671
TUL 536,https://sfira.org/tombstone/view?id=7672
TUL 537,https://sfira.org/tombstone/view?id=7673
TUL 538,https://sfira.org/tombstone/view?id=7674
TUL 539,https://sfira.org/tombstone/view?id=7675
TUL 540,https://sfira.org/tombstone/view?id=7676
TUL 541,https://sfira.org/tombstone/view?id=7677
TUL 542,https://sfira.org/tombstone/view?id=7678
TUL 543,https://sfira.org/tombstone/view?id=7679
TUL 544,https://sfira.org/tombstone/view?id=7680
TUL 545,https://sfira.org/tombstone/view?id=7681
TUL 546,https://sfira.org/tombstone/view?id=7682
TUL 547,https://sfira.org/tombstone/view?id=7683
TUL 548,https://sfira.org/tombstone/view?id=7684
TUL 549,https://sfira.org/tombstone/view?id=7685
TUL 550,https://sfira.org/tombstone/view?id=7686
TUL 551,https://sfira.org/tombstone/view?id=7687
TUL 552,https://sfira.org/tombstone/view?id=7688
TUL 553,https://sfira.org/tombstone/view?id=7689
TUL 554,https://sfira.org/tombstone/view?id=7690
TUL 555,https://sfira.org/tombstone/view?id=7691
TUL 556,https://sfira.org/tombstone/view?id=7692
TUL 557,https://sfira.org/tombstone/view?id=7693
TUL 557A,https://sfira.org/tombstone/view?id=7694
TUL 558,https://sfira.org/tombstone/view?id=7695
TUL 559,https://sfira.org/tombstone/view?id=7696
TUL 560,https://sfira.org/tombstone/view?id=7697
TUL 561,https://sfira.org/tombstone/view?id=7698
TUL 562,https://sfira.org/tombstone/view?id=7699
TUL 563,https://sfira.org/tombstone/view?id=7700
TUL 564,https://sfira.org/tombstone/view?id=7701
TUL 565,https://sfira.org/tombstone/view?id=7702
TUL 566,https://sfira.org/tombstone/view?id=7703
TUL 567,https://sfira.org/tombstone/view?id=7704
TUL 568,https://sfira.org/tombstone/view?id=7705
TUL 569,https://sfira.org/tombstone/view?id=7706
TUL 570,https://sfira.org/tombstone/view?id=7707
TUL 571,https://sfira.org/tombstone/view?id=7708
TUL 572,https://sfira.org/tombstone/view?id=7709
TUL 573,https://sfira.org/tombstone/view?id=7710
TUL 574,https://sfira.org/tombstone/view?id=7711
TUL 575,https://sfira.org/tombstone/view?id=7712
TUL 576,https://sfira.org/tombstone/view?id=7713
TUL 577,https://sfira.org/tombstone/view?id=7714
TUL 578,https://sfira.org/tombstone/view?id=7715
TUL 579,https://sfira.org/tombstone/view?id=7716
TUL 580,https://sfira.org/tombstone/view?id=7717
TUL 581,https://sfira.org/tombstone/view?id=7718
TUL 582,https://sfira.org/tombstone/view?id=7719
TUL 583,https://sfira.org/tombstone/view?id=7720
TUL 584,https://sfira.org/tombstone/view?id=7721
TUL 585,https://sfira.org/tombstone/view?id=7722
TUL 586,https://sfira.org/tombstone/view?id=7723
TUL 587,https://sfira.org/tombstone/view?id=7724
TUL 588,https://sfira.org/tombstone/view?id=7725
TUL 589,https://sfira.org/tombstone/view?id=7726
TUL 590,https://sfira.org/tombstone/view?id=7727
TUL 591,https://sfira.org/tombstone/view?id=7728
TUL 592,https://sfira.org/tombstone/view?id=7729
TUL 593,https://sfira.org/tombstone/view?id=7730
TUL 594,https://sfira.org/tombstone/view?id=7731
TUL 595,https://sfira.org/tombstone/view?id=7732
TUL 596,https://sfira.org/tombstone/view?id=7733
TUL 597,https://sfira.org/tombstone/view?id=7734
TUL 598,https://sfira.org/tombstone/view?id=7735
TUL 600,https://sfira.org/tombstone/view?id=7737
TUL 601,https://sfira.org/tombstone/view?id=7738
TUL 602,https://sfira.org/tombstone/view?id=7739
TUL 603,https://sfira.org/tombstone/view?id=7740
TUL 604,https://sfira.org/tombstone/view?id=7741
TUL 599,https://sfira.org/tombstone/view?id=7736
TUL 605,https://sfira.org/tombstone/view?id=7742
TUL 606,https://sfira.org/tombstone/view?id=7743
TUL 607,https://sfira.org/tombstone/view?id=7744
TUL 608,https://sfira.org/tombstone/view?id=7745
TUL 609,https://sfira.org/tombstone/view?id=7746
TUL 610,https://sfira.org/tombstone/view?id=7747
TUL 611,https://sfira.org/tombstone/view?id=7748
TUL 612,https://sfira.org/tombstone/view?id=7749
TUL 613,https://sfira.org/tombstone/view?id=7750
TUL 614,https://sfira.org/tombstone/view?id=7751
TUL 615,https://sfira.org/tombstone/view?id=7752
TUL 616,https://sfira.org/tombstone/view?id=7753
TUL 617,https://sfira.org/tombstone/view?id=7754
TUL 618,https://sfira.org/tombstone/view?id=7755
TUL 619,https://sfira.org/tombstone/view?id=7756
TUL 620,https://sfira.org/tombstone/view?id=7757
TUL 621,https://sfira.org/tombstone/view?id=7758
TUL 622,https://sfira.org/tombstone/view?id=7759
TUL 623,https://sfira.org/tombstone/view?id=7760
TUL 624,https://sfira.org/tombstone/view?id=7761
TUL 625,https://sfira.org/tombstone/view?id=7762
TUL 626,https://sfira.org/tombstone/view?id=7763
TUL 627,https://sfira.org/tombstone/view?id=7764
TUL 628,https://sfira.org/tombstone/view?id=7765
TUL 629,https://sfira.org/tombstone/view?id=7766
TUL 630,https://sfira.org/tombstone/view?id=7767
TUL 631,https://sfira.org/tombstone/view?id=7768
TUL 632,https://sfira.org/tombstone/view?id=7769
TUL 633,https://sfira.org/tombstone/view?id=7770
TUL 634,https://sfira.org/tombstone/view?id=7771
TUL 635,https://sfira.org/tombstone/view?id=7772
TUL 636,https://sfira.org/tombstone/view?id=7773
TUL 637,https://sfira.org/tombstone/view?id=7774
TUL 638,https://sfira.org/tombstone/view?id=7775
TUL 639,https://sfira.org/tombstone/view?id=7776
TUL 640,https://sfira.org/tombstone/view?id=7777
TUL 641,https://sfira.org/tombstone/view?id=7778
TUL 642,https://sfira.org/tombstone/view?id=7779
TUL 643,https://sfira.org/tombstone/view?id=7780
TUL 644,https://sfira.org/tombstone/view?id=7781
TUL 645,https://sfira.org/tombstone/view?id=7782
TUL 646,https://sfira.org/tombstone/view?id=7783
TUL 647,https://sfira.org/tombstone/view?id=7784
TUL 648,https://sfira.org/tombstone/view?id=7785
TUL 649,https://sfira.org/tombstone/view?id=7786
TUL 650,https://sfira.org/tombstone/view?id=7787
TUL 651,https://sfira.org/tombstone/view?id=7788
TUL 652,https://sfira.org/tombstone/view?id=7789
TUL 653,https://sfira.org/tombstone/view?id=7790
TUL 654,https://sfira.org/tombstone/view?id=7791
TUL 655,https://sfira.org/tombstone/view?id=7792
TUL 656,https://sfira.org/tombstone/view?id=7793
TUL 657,https://sfira.org/tombstone/view?id=7794
TUL 658,https://sfira.org/tombstone/view?id=7795
TUL 659,https://sfira.org/tombstone/view?id=7796
TUL 660,https://sfira.org/tombstone/view?id=7797
TUL 661,https://sfira.org/tombstone/view?id=7798
TUL 662,https://sfira.org/tombstone/view?id=7799
TUL 663,https://sfira.org/tombstone/view?id=7800
TUL 664,https://sfira.org/tombstone/view?id=7801
TUL 665,https://sfira.org/tombstone/view?id=7802
TUL 666,https://sfira.org/tombstone/view?id=7803
TUL 667,https://sfira.org/tombstone/view?id=7804
TUL 668,https://sfira.org/tombstone/view?id=7805
TUL 669,https://sfira.org/tombstone/view?id=7806
TUL 670,https://sfira.org/tombstone/view?id=7807
TUL 671,https://sfira.org/tombstone/view?id=7808
TUL 672,https://sfira.org/tombstone/view?id=7809
TUL 673,https://sfira.org/tombstone/view?id=7810
TUL 674,https://sfira.org/tombstone/view?id=7811
TUL 675,https://sfira.org/tombstone/view?id=7812
TUL 676,https://sfira.org/tombstone/view?id=7813
TUL 677,https://sfira.org/tombstone/view?id=7814
TUL 678,https://sfira.org/tombstone/view?id=7815
TUL 679,https://sfira.org/tombstone/view?id=7816
TUL 680,https://sfira.org/tombstone/view?id=7817
TUL 681,https://sfira.org/tombstone/view?id=7818
TUL 682,https://sfira.org/tombstone/view?id=7819
TUL 683,https://sfira.org/tombstone/view?id=7820
TUL 684,https://sfira.org/tombstone/view?id=7821
TUL 685,https://sfira.org/tombstone/view?id=7822
TUL 686,https://sfira.org/tombstone/view?id=7823
TUL 687,https://sfira.org/tombstone/view?id=7824
TUL 688,https://sfira.org/tombstone/view?id=7825
TUL 689,https://sfira.org/tombstone/view?id=7826
TUL 690,https://sfira.org/tombstone/view?id=7827
TUL 691,https://sfira.org/tombstone/view?id=7828
TUL 692,https://sfira.org/tombstone/view?id=7829
TUL 693,https://sfira.org/tombstone/view?id=7830
TUL 694,https://sfira.org/tombstone/view?id=7831
TUL 695,https://sfira.org/tombstone/view?id=7832
TUL 696,https://sfira.org/tombstone/view?id=7833
TUL 697,https://sfira.org/tombstone/view?id=7834
TUL 698,https://sfira.org/tombstone/view?id=7835
TUL 699,https://sfira.org/tombstone/view?id=7836
TUL 700,https://sfira.org/tombstone/view?id=7837
TUL 701,https://sfira.org/tombstone/view?id=7838
TUL 702,https://sfira.org/tombstone/view?id=7839
TUL 703,https://sfira.org/tombstone/view?id=7840
TUL 704,https://sfira.org/tombstone/view?id=7841
TUL 705,https://sfira.org/tombstone/view?id=7842
TUL 706,https://sfira.org/tombstone/view?id=7843
TUL 707,https://sfira.org/tombstone/view?id=7844
TUL 708,https://sfira.org/tombstone/view?id=7845
TUL 709,https://sfira.org/tombstone/view?id=7846
TUL 710,https://sfira.org/tombstone/view?id=7847
TUL 711,https://sfira.org/tombstone/view?id=7848
TUL 712,https://sfira.org/tombstone/view?id=7849
TUL 713,https://sfira.org/tombstone/view?id=7850
TUL 714,https://sfira.org/tombstone/view?id=7851
TUL 715,https://sfira.org/tombstone/view?id=7852
TUL 716,https://sfira.org/tombstone/view?id=7853
TUL 717,https://sfira.org/tombstone/view?id=7854
TUL 718,https://sfira.org/tombstone/view?id=7855
TUL 719,https://sfira.org/tombstone/view?id=7856
TUL 720,https://sfira.org/tombstone/view?id=7857
TUL 721,https://sfira.org/tombstone/view?id=7858
TUL 722,https://sfira.org/tombstone/view?id=7859
TUL 723,https://sfira.org/tombstone/view?id=7860
TUL 724,https://sfira.org/tombstone/view?id=7861
TUL 725,https://sfira.org/tombstone/view?id=7862
TUL 726,https://sfira.org/tombstone/view?id=7863
TUL 727,https://sfira.org/tombstone/view?id=7864
TUL 728,https://sfira.org/tombstone/view?id=7865
TUL 729,https://sfira.org/tombstone/view?id=7866
TUL 730,https://sfira.org/tombstone/view?id=7867
TUL 731,https://sfira.org/tombstone/view?id=7868
TUL 732,https://sfira.org/tombstone/view?id=7869
TUL 733,https://sfira.org/tombstone/view?id=7870
TUL 734,https://sfira.org/tombstone/view?id=7871
TUL 735,https://sfira.org/tombstone/view?id=7872
TUL 736,https://sfira.org/tombstone/view?id=7873
TUL 737,https://sfira.org/tombstone/view?id=7874
TUL 738,https://sfira.org/tombstone/view?id=7875
TUL 739,https://sfira.org/tombstone/view?id=7876
TUL 740,https://sfira.org/tombstone/view?id=7877
TUL 741,https://sfira.org/tombstone/view?id=7878
TUL 742,https://sfira.org/tombstone/view?id=7879
TUL 743,https://sfira.org/tombstone/view?id=7880
TUL 744,https://sfira.org/tombstone/view?id=7881
TUL 745,https://sfira.org/tombstone/view?id=7882
TUL 746,https://sfira.org/tombstone/view?id=7883
TUL 747,https://sfira.org/tombstone/view?id=7884
TUL 748,https://sfira.org/tombstone/view?id=7885
TUL 749,https://sfira.org/tombstone/view?id=7886
TUL 750,https://sfira.org/tombstone/view?id=7887
TUL 751,https://sfira.org/tombstone/view?id=7888
TUL 752,https://sfira.org/tombstone/view?id=7889
TUL 753,https://sfira.org/tombstone/view?id=7890
TUL 754,https://sfira.org/tombstone/view?id=7891
TUL 755,https://sfira.org/tombstone/view?id=7892
TUL 756,https://sfira.org/tombstone/view?id=7893
TUL 757,https://sfira.org/tombstone/view?id=7894
TUL 758,https://sfira.org/tombstone/view?id=7895
TUL 759,https://sfira.org/tombstone/view?id=7896
TUL 760,https://sfira.org/tombstone/view?id=7897
TUL 761,https://sfira.org/tombstone/view?id=7898
TUL 762,https://sfira.org/tombstone/view?id=7899
TUL 763,https://sfira.org/tombstone/view?id=7900
TUL 764,https://sfira.org/tombstone/view?id=7901
TUL 765,https://sfira.org/tombstone/view?id=7902
TUL 767,https://sfira.org/tombstone/view?id=7903
TUL 768,https://sfira.org/tombstone/view?id=7904
TUL 769,https://sfira.org/tombstone/view?id=7905
TUL 770,https://sfira.org/tombstone/view?id=7906
TUL 771,https://sfira.org/tombstone/view?id=7907
TUL 772,https://sfira.org/tombstone/view?id=7908
TUL 773,https://sfira.org/tombstone/view?id=7909
TUL 774,https://sfira.org/tombstone/view?id=7910
TUL 775,https://sfira.org/tombstone/view?id=7911
TUL 776,https://sfira.org/tombstone/view?id=7912
TUL 777,https://sfira.org/tombstone/view?id=7913
TUL 778,https://sfira.org/tombstone/view?id=7914
TUL 779,https://sfira.org/tombstone/view?id=7915
TUL 780,https://sfira.org/tombstone/view?id=7916
TUL 781,https://sfira.org/tombstone/view?id=7917
TUL 782,https://sfira.org/tombstone/view?id=7918
TUL 783,https://sfira.org/tombstone/view?id=7919
TUL 784,https://sfira.org/tombstone/view?id=7920
TUL 785,https://sfira.org/tombstone/view?id=7921
TUL 786,https://sfira.org/tombstone/view?id=7922
TUL 787,https://sfira.org/tombstone/view?id=7923
TUL 788,https://sfira.org/tombstone/view?id=7924
TUL 789,https://sfira.org/tombstone/view?id=7925
TUL 790,https://sfira.org/tombstone/view?id=7926
TUL 791,https://sfira.org/tombstone/view?id=7927
TUL 792,https://sfira.org/tombstone/view?id=7928
TUL 793,https://sfira.org/tombstone/view?id=7929
TUL 794,https://sfira.org/tombstone/view?id=7930
TUL 795,https://sfira.org/tombstone/view?id=7931
TUL 796,https://sfira.org/tombstone/view?id=7932
TUL 797,https://sfira.org/tombstone/view?id=7933
TUL 798,https://sfira.org/tombstone/view?id=7934
TUL 799,https://sfira.org/tombstone/view?id=7935
TUL 800,https://sfira.org/tombstone/view?id=7936
TUL 801,https://sfira.org/tombstone/view?id=7937
TUL 802,https://sfira.org/tombstone/view?id=7938
TUL 803,https://sfira.org/tombstone/view?id=7939
TUL 804,https://sfira.org/tombstone/view?id=7940
TUL 805,https://sfira.org/tombstone/view?id=7941
TUL 806,https://sfira.org/tombstone/view?id=7942
TUL 807,https://sfira.org/tombstone/view?id=7943
TUL 808,https://sfira.org/tombstone/view?id=7944
TUL 809,https://sfira.org/tombstone/view?id=7945
TUL 810,https://sfira.org/tombstone/view?id=7946
TUL 811,https://sfira.org/tombstone/view?id=7947
TUL 812,https://sfira.org/tombstone/view?id=7948
TUL 813,https://sfira.org/tombstone/view?id=7949
TUL 814,https://sfira.org/tombstone/view?id=7950
TUL 815,https://sfira.org/tombstone/view?id=7951
TUL 817,https://sfira.org/tombstone/view?id=7953
TUL 818,https://sfira.org/tombstone/view?id=7954
TUL 816,https://sfira.org/tombstone/view?id=7952
TUL 819,https://sfira.org/tombstone/view?id=7955
TUL 820,https://sfira.org/tombstone/view?id=7956
TUL 821,https://sfira.org/tombstone/view?id=7957
TUL 822,https://sfira.org/tombstone/view?id=7958
TUL 823,https://sfira.org/tombstone/view?id=7959
TUL 824,https://sfira.org/tombstone/view?id=7960
TUL 825,https://sfira.org/tombstone/view?id=7961
TUL 826,https://sfira.org/tombstone/view?id=7962
TUL 827,https://sfira.org/tombstone/view?id=7963
TUL 828,https://sfira.org/tombstone/view?id=7964
TUL 829,https://sfira.org/tombstone/view?id=7965
TUL 830,https://sfira.org/tombstone/view?id=7966
TUL 831,https://sfira.org/tombstone/view?id=7967
TUL 832,https://sfira.org/tombstone/view?id=7968
TUL 833,https://sfira.org/tombstone/view?id=7969
TUL 834,https://sfira.org/tombstone/view?id=7970
TUL 835,https://sfira.org/tombstone/view?id=7971
TUL 836,https://sfira.org/tombstone/view?id=7972
TUL 837,https://sfira.org/tombstone/view?id=7973
TUL 838,https://sfira.org/tombstone/view?id=7974
TUL 839,https://sfira.org/tombstone/view?id=7975
TUL 840,https://sfira.org/tombstone/view?id=7976
TUL 841,https://sfira.org/tombstone/view?id=7977
TUL 842,https://sfira.org/tombstone/view?id=7978
TUL 843,https://sfira.org/tombstone/view?id=7979
TUL 844,https://sfira.org/tombstone/view?id=7980
TUL 845,https://sfira.org/tombstone/view?id=7981
TUL 846,https://sfira.org/tombstone/view?id=7982
TUL 847,https://sfira.org/tombstone/view?id=7983
TUL 848,https://sfira.org/tombstone/view?id=7984
TUL 849,https://sfira.org/tombstone/view?id=7985
TUL 850,https://sfira.org/tombstone/view?id=7986
TUL 851,https://sfira.org/tombstone/view?id=7987
TUL 852,https://sfira.org/tombstone/view?id=7988
TUL 853,https://sfira.org/tombstone/view?id=7989
TUL 854,https://sfira.org/tombstone/view?id=7990
TUL 855,https://sfira.org/tombstone/view?id=7991
TUL 856,https://sfira.org/tombstone/view?id=7992
TUL 857,https://sfira.org/tombstone/view?id=7993
TUL 858,https://sfira.org/tombstone/view?id=7994
TUL 859,https://sfira.org/tombstone/view?id=7995
TUL 860,https://sfira.org/tombstone/view?id=7996
TUL 861,https://sfira.org/tombstone/view?id=7997
TUL 862,https://sfira.org/tombstone/view?id=7998
TUL 863,https://sfira.org/tombstone/view?id=7999
TUL 864,https://sfira.org/tombstone/view?id=8000
TUL 865,https://sfira.org/tombstone/view?id=8001
TUL 866,https://sfira.org/tombstone/view?id=8002
TUL 867,https://sfira.org/tombstone/view?id=8003
TUL 868,https://sfira.org/tombstone/view?id=8004
TUL 869,https://sfira.org/tombstone/view?id=8005
TUL 870,https://sfira.org/tombstone/view?id=8006
TUL 871,https://sfira.org/tombstone/view?id=8007
TUL 872,https://sfira.org/tombstone/view?id=8008
TUL 873,https://sfira.org/tombstone/view?id=8009
TUL 874,https://sfira.org/tombstone/view?id=8010
TUL 875,https://sfira.org/tombstone/view?id=8011
TUL 876,https://sfira.org/tombstone/view?id=8012
TUL 877,https://sfira.org/tombstone/view?id=8013
TUL 878,https://sfira.org/tombstone/view?id=8014
TUL 879,https://sfira.org/tombstone/view?id=8015
TUL 880,https://sfira.org/tombstone/view?id=8016
TUL 881,https://sfira.org/tombstone/view?id=8017
TUL 882,https://sfira.org/tombstone/view?id=8018
TUL 883,https://sfira.org/tombstone/view?id=8019
TUL 884,https://sfira.org/tombstone/view?id=8020
TUL 885,https://sfira.org/tombstone/view?id=8021
TUL 886,https://sfira.org/tombstone/view?id=8022
TUL 887,https://sfira.org/tombstone/view?id=8023
TUL 888,https://sfira.org/tombstone/view?id=8024
TUL 889,https://sfira.org/tombstone/view?id=8025
TUL 890,https://sfira.org/tombstone/view?id=8026
TUL 891,https://sfira.org/tombstone/view?id=8027
TUL 892,https://sfira.org/tombstone/view?id=8028
TUL 893,https://sfira.org/tombstone/view?id=8029
TUL 894,https://sfira.org/tombstone/view?id=8030
TUL 895,https://sfira.org/tombstone/view?id=8031
TUL 896,https://sfira.org/tombstone/view?id=8032
TUL 897,https://sfira.org/tombstone/view?id=8033
TUL 898,https://sfira.org/tombstone/view?id=8034
TUL 899,https://sfira.org/tombstone/view?id=8035
TUL 900,https://sfira.org/tombstone/view?id=8036
TUL 901,https://sfira.org/tombstone/view?id=8037
TUL 902,https://sfira.org/tombstone/view?id=8038
TUL 903,https://sfira.org/tombstone/view?id=8039
TUL 904,https://sfira.org/tombstone/view?id=8040
TUL 905,https://sfira.org/tombstone/view?id=8041
TUL 906,https://sfira.org/tombstone/view?id=8042
TUL 907,https://sfira.org/tombstone/view?id=8043
TUL 908,https://sfira.org/tombstone/view?id=8044
TUL 909,https://sfira.org/tombstone/view?id=8045
TUL 910,https://sfira.org/tombstone/view?id=8046
TUL 911,https://sfira.org/tombstone/view?id=8047
TUL 912,https://sfira.org/tombstone/view?id=8048
TUL 913,https://sfira.org/tombstone/view?id=8049
TUL 914,https://sfira.org/tombstone/view?id=8050
TUL 915,https://sfira.org/tombstone/view?id=8051
TUL 916,https://sfira.org/tombstone/view?id=8052
TUL 917,https://sfira.org/tombstone/view?id=8053
TUL 918,https://sfira.org/tombstone/view?id=8054
TUL 919,https://sfira.org/tombstone/view?id=8055
TUL 920,https://sfira.org/tombstone/view?id=8056
TUL 921,https://sfira.org/tombstone/view?id=8057
TUL 922,https://sfira.org/tombstone/view?id=8058
TUL 923,https://sfira.org/tombstone/view?id=8059
TUL 924,https://sfira.org/tombstone/view?id=8060
TUL 925,https://sfira.org/tombstone/view?id=8061
TUL 926,https://sfira.org/tombstone/view?id=8062
TUL 927,https://sfira.org/tombstone/view?id=8063
TUL 928,https://sfira.org/tombstone/view?id=8064
TUL 929,https://sfira.org/tombstone/view?id=8065
TUL 930,https://sfira.org/tombstone/view?id=8066
TUL 931,https://sfira.org/tombstone/view?id=8067
TUL 932,https://sfira.org/tombstone/view?id=8068
TUL 933,https://sfira.org/tombstone/view?id=8069
TUL 934,https://sfira.org/tombstone/view?id=8070
TST 1,https://sfira.org/tombstone/view?id=8071
TST 2,https://sfira.org/tombstone/view?id=8072
TST 3,https://sfira.org/tombstone/view?id=8073
TST 4,https://sfira.org/tombstone/view?id=8074
TST 5,https://sfira.org/tombstone/view?id=8075
TST 6,https://sfira.org/tombstone/view?id=8076
TST 7,https://sfira.org/tombstone/view?id=8077
TST 8,https://sfira.org/tombstone/view?id=8078
TST 9,https://sfira.org/tombstone/view?id=8079
TST 10,https://sfira.org/tombstone/view?id=8080
TST 11,https://sfira.org/tombstone/view?id=8081
TST 12,https://sfira.org/tombstone/view?id=8082
TST 13,https://sfira.org/tombstone/view?id=8083
TST 14,https://sfira.org/tombstone/view?id=8084
TST 15,https://sfira.org/tombstone/view?id=8085
TST 16,https://sfira.org/tombstone/view?id=8086
TST 17,https://sfira.org/tombstone/view?id=8087
TST 18,https://sfira.org/tombstone/view?id=8088
TST 19,https://sfira.org/tombstone/view?id=8089
TST 20,https://sfira.org/tombstone/view?id=8090
TST 21,https://sfira.org/tombstone/view?id=8091
TST 22,https://sfira.org/tombstone/view?id=8092
TST 23,https://sfira.org/tombstone/view?id=8093
TST 24,https://sfira.org/tombstone/view?id=8094
TST 25,https://sfira.org/tombstone/view?id=8095
TST 26,https://sfira.org/tombstone/view?id=8096
TST 27,https://sfira.org/tombstone/view?id=8097
TST 28,https://sfira.org/tombstone/view?id=8098
TST 29,https://sfira.org/tombstone/view?id=8099
TST 30,https://sfira.org/tombstone/view?id=8100
TST 31,https://sfira.org/tombstone/view?id=8101
TST 32,https://sfira.org/tombstone/view?id=8102
TST 33,https://sfira.org/tombstone/view?id=8103
TST 34,https://sfira.org/tombstone/view?id=8104
TST 35,https://sfira.org/tombstone/view?id=8105
TST 36,https://sfira.org/tombstone/view?id=8106
TST 37,https://sfira.org/tombstone/view?id=8107
TST 38,https://sfira.org/tombstone/view?id=8108
TST 39,https://sfira.org/tombstone/view?id=8109
TST 40,https://sfira.org/tombstone/view?id=8110
TST 41,https://sfira.org/tombstone/view?id=8111
TST 42,https://sfira.org/tombstone/view?id=8112
TST 43,https://sfira.org/tombstone/view?id=8113
TST 44,https://sfira.org/tombstone/view?id=8114
TST 45a,https://sfira.org/tombstone/view?id=8116
TST 46,https://sfira.org/tombstone/view?id=8117
TST 45,https://sfira.org/tombstone/view?id=8115
TST 47,https://sfira.org/tombstone/view?id=8118
TST 48,https://sfira.org/tombstone/view?id=8119
TST 49,https://sfira.org/tombstone/view?id=8120
TST 50,https://sfira.org/tombstone/view?id=8121
TST 51,https://sfira.org/tombstone/view?id=8122
TST 52,https://sfira.org/tombstone/view?id=8123
TST 53,https://sfira.org/tombstone/view?id=8124
TST 54a,https://sfira.org/tombstone/view?id=8125
TST 54b,https://sfira.org/tombstone/view?id=8126
TST 55,https://sfira.org/tombstone/view?id=8127
TST 56,https://sfira.org/tombstone/view?id=8128
TST 57,https://sfira.org/tombstone/view?id=8129
TST 57a,https://sfira.org/tombstone/view?id=8130
TST 58,https://sfira.org/tombstone/view?id=8131
TST 59,https://sfira.org/tombstone/view?id=8132
TST 60,https://sfira.org/tombstone/view?id=8133
TST 60a,https://sfira.org/tombstone/view?id=8134
TST 61,https://sfira.org/tombstone/view?id=8135
TST 62,https://sfira.org/tombstone/view?id=8136
TST 63,https://sfira.org/tombstone/view?id=8137
TST 64,https://sfira.org/tombstone/view?id=8138
TST 65,https://sfira.org/tombstone/view?id=8139
TST 66,https://sfira.org/tombstone/view?id=8140
TST 67,https://sfira.org/tombstone/view?id=8141
TST 68,https://sfira.org/tombstone/view?id=8142
TST 69,https://sfira.org/tombstone/view?id=8143
TST 71,https://sfira.org/tombstone/view?id=8145
TST 70,https://sfira.org/tombstone/view?id=8144
TST 72,https://sfira.org/tombstone/view?id=8146
TST 73,https://sfira.org/tombstone/view?id=8147
TST 74,https://sfira.org/tombstone/view?id=8148
TST 75,https://sfira.org/tombstone/view?id=8149
TST 76,https://sfira.org/tombstone/view?id=8150
TST 77,https://sfira.org/tombstone/view?id=8151
TST 78,https://sfira.org/tombstone/view?id=8152
TST 79,https://sfira.org/tombstone/view?id=8153
TST 80,https://sfira.org/tombstone/view?id=8154
TST 81,https://sfira.org/tombstone/view?id=8155
TST 82,https://sfira.org/tombstone/view?id=8156
TST 83,https://sfira.org/tombstone/view?id=8157
TST 84,https://sfira.org/tombstone/view?id=8158
TST 85a,https://sfira.org/tombstone/view?id=8159
TST 85b,https://sfira.org/tombstone/view?id=8160
TST 86,https://sfira.org/tombstone/view?id=8161
TST 87,https://sfira.org/tombstone/view?id=8162
TST 88,https://sfira.org/tombstone/view?id=8163
TST 89,https://sfira.org/tombstone/view?id=8164
TST 89a,https://sfira.org/tombstone/view?id=8165
TST 90,https://sfira.org/tombstone/view?id=8166
TST 91,https://sfira.org/tombstone/view?id=8167
TST 92,https://sfira.org/tombstone/view?id=8168
TST 93,https://sfira.org/tombstone/view?id=8169
TST 94,https://sfira.org/tombstone/view?id=8170
TST 95,https://sfira.org/tombstone/view?id=8171
TST 96,https://sfira.org/tombstone/view?id=8172
TST 97,https://sfira.org/tombstone/view?id=8173
TST 98,https://sfira.org/tombstone/view?id=8174
TST 99,https://sfira.org/tombstone/view?id=8175
TST 100,https://sfira.org/tombstone/view?id=8178
TSA 1,https://sfira.org/tombstone/view?id=8181
TSA 2,https://sfira.org/tombstone/view?id=8182
RSK 66,https://sfira.org/tombstone/view?id=3306
RSK 68,https://sfira.org/tombstone/view?id=3308
RSK 79,https://sfira.org/tombstone/view?id=3320
RSK 81,https://sfira.org/tombstone/view?id=3322
RSK 85a,https://sfira.org/tombstone/view?id=3327
RSK 632a,https://sfira.org/tombstone/view?id=3901
RSK 646,https://sfira.org/tombstone/view?id=3916
RSK 653,https://sfira.org/tombstone/view?id=3923
RSK 657,https://sfira.org/tombstone/view?id=3927
RSK 779,https://sfira.org/tombstone/view?id=4054
RSK 780,https://sfira.org/tombstone/view?id=4055
RSK 781,https://sfira.org/tombstone/view?id=4056
RSK 809,https://sfira.org/tombstone/view?id=4084
BSH 142,https://sfira.org/tombstone/view?id=4354
RSK 342,https://sfira.org/tombstone/view?id=3597
RSK 364,https://sfira.org/tombstone/view?id=3619
RSK 601,https://sfira.org/tombstone/view?id=3867
RSK 604a,https://sfira.org/tombstone/view?id=3871
RSK 759,https://sfira.org/tombstone/view?id=4035
RSK 762,https://sfira.org/tombstone/view?id=4038
RSK 774,https://sfira.org/tombstone/view?id=4050
RSK 84,https://sfira.org/tombstone/view?id=3325
RSK 121,https://sfira.org/tombstone/view?id=3364
RSK 315,https://sfira.org/tombstone/view?id=3569
RSK 833,https://sfira.org/tombstone/view?id=4110
BSH 133,https://sfira.org/tombstone/view?id=4345
BSH 253,https://sfira.org/tombstone/view?id=4472
BSH 420,https://sfira.org/tombstone/view?id=4643
BSH 545,https://sfira.org/tombstone/view?id=4770
BSH 592,https://sfira.org/tombstone/view?id=4817
BSH 774,https://sfira.org/tombstone/view?id=4999
BSH 829,https://sfira.org/tombstone/view?id=5054
BSH 1015,https://sfira.org/tombstone/view?id=5242
BSH 1032,https://sfira.org/tombstone/view?id=5259
BSH 918,https://sfira.org/tombstone/view?id=5144
BSH 282,https://sfira.org/tombstone/view?id=4501
BSH 651,https://sfira.org/tombstone/view?id=4876
BSH 91,https://sfira.org/tombstone/view?id=4301
BSH 874,https://sfira.org/tombstone/view?id=5099
BSH 1007,https://sfira.org/tombstone/view?id=5234
BSH 411,https://sfira.org/tombstone/view?id=4633
BSH 78,https://sfira.org/tombstone/view?id=4286
BSH 247,https://sfira.org/tombstone/view?id=4466
RSK 189,https://sfira.org/tombstone/view?id=3436
RSK 75,https://sfira.org/tombstone/view?id=3316
RSK 88,https://sfira.org/tombstone/view?id=3330
RSK 90,https://sfira.org/tombstone/view?id=3332
RSK 231,https://sfira.org/tombstone/view?id=3480
RSK 241,https://sfira.org/tombstone/view?id=3490
RSK 266,https://sfira.org/tombstone/view?id=3517
RSK 299,https://sfira.org/tombstone/view?id=3553
RSK 309,https://sfira.org/tombstone/view?id=3563
RSK 346,https://sfira.org/tombstone/view?id=3601
RSK 383,https://sfira.org/tombstone/view?id=3639
RSK 386,https://sfira.org/tombstone/view?id=3642
RSK 394,https://sfira.org/tombstone/view?id=3649
RSK 499,https://sfira.org/tombstone/view?id=3756
RSK 544,https://sfira.org/tombstone/view?id=3804
RSK 683,https://sfira.org/tombstone/view?id=3955
RSK 804,https://sfira.org/tombstone/view?id=4079
BSH 212,https://sfira.org/tombstone/view?id=4428
BSH 268,https://sfira.org/tombstone/view?id=4487
BSH 402,https://sfira.org/tombstone/view?id=4624
BSH 433,https://sfira.org/tombstone/view?id=4656
BSH 689,https://sfira.org/tombstone/view?id=4914
BSH 873,https://sfira.org/tombstone/view?id=5098
BSH 890,https://sfira.org/tombstone/view?id=5115
BSH 925,https://sfira.org/tombstone/view?id=5151
BSH 941,https://sfira.org/tombstone/view?id=5167
BSH 1010,https://sfira.org/tombstone/view?id=5237
BSH 1027,https://sfira.org/tombstone/view?id=5254
BSH 1087,https://sfira.org/tombstone/view?id=5320
BSH 432,https://sfira.org/tombstone/view?id=4655
BSH 860,https://sfira.org/tombstone/view?id=5085
BSH 540,https://sfira.org/tombstone/view?id=4765
BSH 115,https://sfira.org/tombstone/view?id=4326
RSK 162,https://sfira.org/tombstone/view?id=3408
LDZ 3011,https://sfira.org/tombstone/view?id=292
BSH 66,https://sfira.org/tombstone/view?id=4273
BSH 409,https://sfira.org/tombstone/view?id=4631
BSH 359,https://sfira.org/tombstone/view?id=4579
BSH 584,https://sfira.org/tombstone/view?id=4809
BSH 804,https://sfira.org/tombstone/view?id=5029
BSH 208,https://sfira.org/tombstone/view?id=4424
RSK 83,https://sfira.org/tombstone/view?id=3324
BSH 176,https://sfira.org/tombstone/view?id=4390
BSH 29,https://sfira.org/tombstone/view?id=4236
BSH 585,https://sfira.org/tombstone/view?id=4810
BSH 687,https://sfira.org/tombstone/view?id=4912
BSH 19,https://sfira.org/tombstone/view?id=4224
BSH 366,https://sfira.org/tombstone/view?id=4587
BSH 888,https://sfira.org/tombstone/view?id=5113
BSH 903,https://sfira.org/tombstone/view?id=5129
BSH 519,https://sfira.org/tombstone/view?id=4744
RSK 395,https://sfira.org/tombstone/view?id=3650
RSK 161,https://sfira.org/tombstone/view?id=3407
BSH 572,https://sfira.org/tombstone/view?id=4797
RSK 289,https://sfira.org/tombstone/view?id=3543
BSH 863,https://sfira.org/tombstone/view?id=5088
RSK 306,https://sfira.org/tombstone/view?id=3560
BSH 647,https://sfira.org/tombstone/view?id=4872
BSH 1037,https://sfira.org/tombstone/view?id=5264
RSK 185,https://sfira.org/tombstone/view?id=3431
BSH 303,https://sfira.org/tombstone/view?id=4522
BSH 671,https://sfira.org/tombstone/view?id=4896
BSH 978,https://sfira.org/tombstone/view?id=5204
BSH 1078,https://sfira.org/tombstone/view?id=5311
BSH 778,https://sfira.org/tombstone/view?id=5003
RSK 144,https://sfira.org/tombstone/view?id=3389
RSK 151,https://sfira.org/tombstone/view?id=3397
RSK 202,https://sfira.org/tombstone/view?id=3449
RSK 293,https://sfira.org/tombstone/view?id=3547
RSK 294,https://sfira.org/tombstone/view?id=3548
RSK 484,https://sfira.org/tombstone/view?id=3741
BSH 135,https://sfira.org/tombstone/view?id=4347
BSH 259,https://sfira.org/tombstone/view?id=4478
BSH 461,https://sfira.org/tombstone/view?id=4686
BSH 535,https://sfira.org/tombstone/view?id=4760
BSH 537,https://sfira.org/tombstone/view?id=4762
BSH 597,https://sfira.org/tombstone/view?id=4822
BSH 842,https://sfira.org/tombstone/view?id=5067
BSH 981,https://sfira.org/tombstone/view?id=5207
BSH 984,https://sfira.org/tombstone/view?id=5210
BSH 738,https://sfira.org/tombstone/view?id=4963
RSK 485,https://sfira.org/tombstone/view?id=3742
BSH 754,https://sfira.org/tombstone/view?id=4979
RSK 308,https://sfira.org/tombstone/view?id=3562
RSK 182,https://sfira.org/tombstone/view?id=3428
BSH 576,https://sfira.org/tombstone/view?id=4801
RSK 18,https://sfira.org/tombstone/view?id=3259
RSK 38,https://sfira.org/tombstone/view?id=3278
RSK 63,https://sfira.org/tombstone/view?id=3303
RSK 247,https://sfira.org/tombstone/view?id=3497
RSK 296,https://sfira.org/tombstone/view?id=3550
RSK 823,https://sfira.org/tombstone/view?id=4099
BSH 147,https://sfira.org/tombstone/view?id=4359
BSH 283,https://sfira.org/tombstone/view?id=4502
BSH 800,https://sfira.org/tombstone/view?id=5025
BSH 844,https://sfira.org/tombstone/view?id=5069
BSH 620,https://sfira.org/tombstone/view?id=4845
RSK 557,https://sfira.org/tombstone/view?id=3819
RSK 707,https://sfira.org/tombstone/view?id=3981
RSK 101,https://sfira.org/tombstone/view?id=3343
BSH 289,https://sfira.org/tombstone/view?id=4508
BSH 370,https://sfira.org/tombstone/view?id=4592
BSH 634,https://sfira.org/tombstone/view?id=4859
BSH 659,https://sfira.org/tombstone/view?id=4884
BSH 669,https://sfira.org/tombstone/view?id=4894
BSH 677,https://sfira.org/tombstone/view?id=4902
BSH 683,https://sfira.org/tombstone/view?id=4908
BSH 830,https://sfira.org/tombstone/view?id=5055
BSH 908,https://sfira.org/tombstone/view?id=5134
BSH 919,https://sfira.org/tombstone/view?id=5145
BSH 931,https://sfira.org/tombstone/view?id=5157
BSH 935,https://sfira.org/tombstone/view?id=5161
BSH 2012,https://sfira.org/tombstone/view?id=5342
BSH 300,https://sfira.org/tombstone/view?id=4519
BSH 325,https://sfira.org/tombstone/view?id=4544
BSH 872,https://sfira.org/tombstone/view?id=5097
BSH 628,https://sfira.org/tombstone/view?id=4853
RSK 48,https://sfira.org/tombstone/view?id=3288
RSK 67,https://sfira.org/tombstone/view?id=3307
RSK 99,https://sfira.org/tombstone/view?id=3341
RSK 221,https://sfira.org/tombstone/view?id=3469
RSK 331,https://sfira.org/tombstone/view?id=3585
RSK 420,https://sfira.org/tombstone/view?id=3675
RSK 426,https://sfira.org/tombstone/view?id=3681
RSK 433,https://sfira.org/tombstone/view?id=3688
RSK 515,https://sfira.org/tombstone/view?id=3773
RSK 516,https://sfira.org/tombstone/view?id=3774
RSK 617,https://sfira.org/tombstone/view?id=3884
RSK 622,https://sfira.org/tombstone/view?id=3889
RSK 769,https://sfira.org/tombstone/view?id=4045
RSK 805,https://sfira.org/tombstone/view?id=4080
RSK 816,https://sfira.org/tombstone/view?id=4092
BSH 239,https://sfira.org/tombstone/view?id=4457
BSH 280,https://sfira.org/tombstone/view?id=4499
BSH 999,https://sfira.org/tombstone/view?id=5226
BSH 1006,https://sfira.org/tombstone/view?id=5233
BSH 3009,https://sfira.org/tombstone/view?id=5372
BSH 131,https://sfira.org/tombstone/view?id=4343
BSH 279,https://sfira.org/tombstone/view?id=4498
BSH 232,https://sfira.org/tombstone/view?id=4448
BSH 10,https://sfira.org/tombstone/view?id=4214
BSH 645,https://sfira.org/tombstone/view?id=4870
BSH 817,https://sfira.org/tombstone/view?id=5042
LDZ 3001,https://sfira.org/tombstone/view?id=282
RSK 35,https://sfira.org/tombstone/view?id=3276
RSK 285,https://sfira.org/tombstone/view?id=3538
RSK 317,https://sfira.org/tombstone/view?id=3571
RSK 341,https://sfira.org/tombstone/view?id=3595
BSH 103,https://sfira.org/tombstone/view?id=4313
BSH 308,https://sfira.org/tombstone/view?id=4527
BSH 847,https://sfira.org/tombstone/view?id=5072
BSH 994,https://sfira.org/tombstone/view?id=5221
BSH 891,https://sfira.org/tombstone/view?id=5116
BSH 956,https://sfira.org/tombstone/view?id=5182
BSH 1011,https://sfira.org/tombstone/view?id=5238
RSK 36,https://sfira.org/tombstone/view?id=3277
BSH 456,https://sfira.org/tombstone/view?id=4681
BSH 414,https://sfira.org/tombstone/view?id=4636
RSK 155,https://sfira.org/tombstone/view?id=3401
RSK 507,https://sfira.org/tombstone/view?id=3764
RSK 541,https://sfira.org/tombstone/view?id=3800
RSK 140,https://sfira.org/tombstone/view?id=3384
RSK 411,https://sfira.org/tombstone/view?id=3665
BSH 787,https://sfira.org/tombstone/view?id=5012
BSH 588,https://sfira.org/tombstone/view?id=4813
BSH 875,https://sfira.org/tombstone/view?id=5100
RSK 442,https://sfira.org/tombstone/view?id=3698
RSK 449,https://sfira.org/tombstone/view?id=3706
RSK 574,https://sfira.org/tombstone/view?id=3838
RSK 589,https://sfira.org/tombstone/view?id=3855
RSK 590,https://sfira.org/tombstone/view?id=3856
BSH 245,https://sfira.org/tombstone/view?id=4464
BSH 808,https://sfira.org/tombstone/view?id=5033
RSK 434,https://sfira.org/tombstone/view?id=3689
BSH 898,https://sfira.org/tombstone/view?id=5124
BSH 1009,https://sfira.org/tombstone/view?id=5236
BSH 469,https://sfira.org/tombstone/view?id=4694
BSH 965,https://sfira.org/tombstone/view?id=5191
BSH 3005,https://sfira.org/tombstone/view?id=5368
RSK 445,https://sfira.org/tombstone/view?id=3701
RSK 519,https://sfira.org/tombstone/view?id=3777
RSK 357,https://sfira.org/tombstone/view?id=3612
RSK 228a,https://sfira.org/tombstone/view?id=3477
RSK 539,https://sfira.org/tombstone/view?id=3798
BSH 261,https://sfira.org/tombstone/view?id=4480
BSH 474,https://sfira.org/tombstone/view?id=4699
BSH 2027,https://sfira.org/tombstone/view?id=5359
RSK 456,https://sfira.org/tombstone/view?id=3713
RSK 468,https://sfira.org/tombstone/view?id=3725
BSH 404,https://sfira.org/tombstone/view?id=4626
BSH 697,https://sfira.org/tombstone/view?id=4922
BSH 795,https://sfira.org/tombstone/view?id=5020
BSH 729,https://sfira.org/tombstone/view?id=4954
RSK 514,https://sfira.org/tombstone/view?id=3771
RSK 502,https://sfira.org/tombstone/view?id=3759
BSH 405,https://sfira.org/tombstone/view?id=4627
BSH 531,https://sfira.org/tombstone/view?id=4756
BSH 731,https://sfira.org/tombstone/view?id=4956
BSH 792,https://sfira.org/tombstone/view?id=5017
BSH 864,https://sfira.org/tombstone/view?id=5089
BSH 382,https://sfira.org/tombstone/view?id=4604
BSH 463,https://sfira.org/tombstone/view?id=4688
BSH 397,https://sfira.org/tombstone/view?id=4619
BSH 467,https://sfira.org/tombstone/view?id=4692
BSH 1090,https://sfira.org/tombstone/view?id=5323
BSH 1091,https://sfira.org/tombstone/view?id=5324
BSH 761,https://sfira.org/tombstone/view?id=4986
BSH 936,https://sfira.org/tombstone/view?id=5162
RSK 96,https://sfira.org/tombstone/view?id=3338
RSK 177,https://sfira.org/tombstone/view?id=3423
RSK 253,https://sfira.org/tombstone/view?id=3504
RSK 279,https://sfira.org/tombstone/view?id=3532
RSK 412a,https://sfira.org/tombstone/view?id=3667
RSK 766,https://sfira.org/tombstone/view?id=4042
BSH 846,https://sfira.org/tombstone/view?id=5071
RSK 424,https://sfira.org/tombstone/view?id=3679
BSH 380,https://sfira.org/tombstone/view?id=4602
BSH 997,https://sfira.org/tombstone/view?id=5224
RSK 530,https://sfira.org/tombstone/view?id=3789
RSK 209,https://sfira.org/tombstone/view?id=3456
RSK 94,https://sfira.org/tombstone/view?id=3336
RSK 117,https://sfira.org/tombstone/view?id=3360
RSK 168,https://sfira.org/tombstone/view?id=3414
RSK 327,https://sfira.org/tombstone/view?id=3581
RSK 476,https://sfira.org/tombstone/view?id=3733
RSK 570,https://sfira.org/tombstone/view?id=3833
RSK 739,https://sfira.org/tombstone/view?id=4014
RSK 817,https://sfira.org/tombstone/view?id=4093
BSH 495,https://sfira.org/tombstone/view?id=4720
BSH 601,https://sfira.org/tombstone/view?id=4826
LDZ 3047,https://sfira.org/tombstone/view?id=328
BSH 982,https://sfira.org/tombstone/view?id=5208
BSH 714,https://sfira.org/tombstone/view?id=4939
BSH 852,https://sfira.org/tombstone/view?id=5077
BSH 815,https://sfira.org/tombstone/view?id=5040
LDZ 3031,https://sfira.org/tombstone/view?id=312
RSK 107,https://sfira.org/tombstone/view?id=3349
RSK 159,https://sfira.org/tombstone/view?id=3405
RSK 211,https://sfira.org/tombstone/view?id=3458
RSK 214,https://sfira.org/tombstone/view?id=3461
RSK 217,https://sfira.org/tombstone/view?id=3465
RSK 228,https://sfira.org/tombstone/view?id=3476
RSK 237,https://sfira.org/tombstone/view?id=3486
RSK 297,https://sfira.org/tombstone/view?id=3551
RSK 355,https://sfira.org/tombstone/view?id=3610
RSK 471,https://sfira.org/tombstone/view?id=3728
RSK 538,https://sfira.org/tombstone/view?id=3797
BSH 19а,https://sfira.org/tombstone/view?id=4225
BSH 27,https://sfira.org/tombstone/view?id=4234
BSH 157,https://sfira.org/tombstone/view?id=4370
BSH 312,https://sfira.org/tombstone/view?id=4531
BSH 446,https://sfira.org/tombstone/view?id=4671
BSH 713,https://sfira.org/tombstone/view?id=4938
BSH 760,https://sfira.org/tombstone/view?id=4985
BSH 1005,https://sfira.org/tombstone/view?id=5232
BSH 1069a,https://sfira.org/tombstone/view?id=5299
BSH 362a,https://sfira.org/tombstone/view?id=4583
BSH 50,https://sfira.org/tombstone/view?id=4257
BSH 114,https://sfira.org/tombstone/view?id=4325
BSH 269,https://sfira.org/tombstone/view?id=4488
BSH 827,https://sfira.org/tombstone/view?id=5052
BSH 633,https://sfira.org/tombstone/view?id=4858
BSH 273,https://sfira.org/tombstone/view?id=4492
RSK 406,https://sfira.org/tombstone/view?id=3660
RSK 592,https://sfira.org/tombstone/view?id=3858
BSH 976,https://sfira.org/tombstone/view?id=5202
RSK 696,https://sfira.org/tombstone/view?id=3968
RSK 564,https://sfira.org/tombstone/view?id=3827
RSK 116,https://sfira.org/tombstone/view?id=3359
RSK 245,https://sfira.org/tombstone/view?id=3495
RSK 412,https://sfira.org/tombstone/view?id=3666
RSK 801,https://sfira.org/tombstone/view?id=4076
BSH 11,https://sfira.org/tombstone/view?id=4216
BSH 57,https://sfira.org/tombstone/view?id=4264
BSH 395,https://sfira.org/tombstone/view?id=4617
BSH 528,https://sfira.org/tombstone/view?id=4753
BSH 541,https://sfira.org/tombstone/view?id=4766
BSH 1049,https://sfira.org/tombstone/view?id=5277
BSH 2029,https://sfira.org/tombstone/view?id=5361
BSH 59,https://sfira.org/tombstone/view?id=4266
BSH 566,https://sfira.org/tombstone/view?id=4791
BSH 970,https://sfira.org/tombstone/view?id=5196
BSH 168,https://sfira.org/tombstone/view?id=4382
RSK 62,https://sfira.org/tombstone/view?id=3302
RSK 559,https://sfira.org/tombstone/view?id=3821
RSK 807,https://sfira.org/tombstone/view?id=4082
BSH 653,https://sfira.org/tombstone/view?id=4878
BSH 699,https://sfira.org/tombstone/view?id=4924
RSK 252,https://sfira.org/tombstone/view?id=3503
RSK 260,https://sfira.org/tombstone/view?id=3511
BSH 549,https://sfira.org/tombstone/view?id=4774
BSH 392,https://sfira.org/tombstone/view?id=4614
RSK 835,https://sfira.org/tombstone/view?id=4113
RSK 33,https://sfira.org/tombstone/view?id=3274
RSK 233,https://sfira.org/tombstone/view?id=3482
RSK 390,https://sfira.org/tombstone/view?id=3645
RSK 398,https://sfira.org/tombstone/view?id=3653
RSK 605,https://sfira.org/tombstone/view?id=3872
RSK 812,https://sfira.org/tombstone/view?id=4088
BSH 207,https://sfira.org/tombstone/view?id=4423
BSH 850,https://sfira.org/tombstone/view?id=5075
RSK 30,https://sfira.org/tombstone/view?id=3271
RSK 153,https://sfira.org/tombstone/view?id=3399
RSK 249,https://sfira.org/tombstone/view?id=3499
RSK 349,https://sfira.org/tombstone/view?id=3604
BSH 63,https://sfira.org/tombstone/view?id=4270
BSH 75,https://sfira.org/tombstone/view?id=4283
BSH 132,https://sfira.org/tombstone/view?id=4344
BSH 154,https://sfira.org/tombstone/view?id=4366
BSH 194,https://sfira.org/tombstone/view?id=4408
BSH 333,https://sfira.org/tombstone/view?id=4552
BSH 366a,https://sfira.org/tombstone/view?id=4588
BSH 399,https://sfira.org/tombstone/view?id=4621
BSH 570,https://sfira.org/tombstone/view?id=4795
BSH 740,https://sfira.org/tombstone/view?id=4965
BSH 767,https://sfira.org/tombstone/view?id=4992
BSH 851,https://sfira.org/tombstone/view?id=5076
BSH 1039,https://sfira.org/tombstone/view?id=5266
BSH 1040,https://sfira.org/tombstone/view?id=5267
BSH 1060,https://sfira.org/tombstone/view?id=5288
BSH 1089,https://sfira.org/tombstone/view?id=5322
BSH 2019,https://sfira.org/tombstone/view?id=5349
BSH 311,https://sfira.org/tombstone/view?id=4530
BSH 321,https://sfira.org/tombstone/view?id=4540
BSH 668,https://sfira.org/tombstone/view?id=4893
BSH 191,https://sfira.org/tombstone/view?id=4405
RSK 1006,https://sfira.org/tombstone/view?id=4188
BSH 26,https://sfira.org/tombstone/view?id=4232
RSK 902,https://sfira.org/tombstone/view?id=4180
BSH 581,https://sfira.org/tombstone/view?id=4806
BSH 678,https://sfira.org/tombstone/view?id=4903
BSH 707,https://sfira.org/tombstone/view?id=4932
BSH 578,https://sfira.org/tombstone/view?id=4803
BSH 104,https://sfira.org/tombstone/view?id=4314
RSK 377a,https://sfira.org/tombstone/view?id=3633
BSH 330,https://sfira.org/tombstone/view?id=4549
BSH 462,https://sfira.org/tombstone/view?id=4687
BSH 2031,https://sfira.org/tombstone/view?id=5363
BSH 234,https://sfira.org/tombstone/view?id=4451
RSK 533,https://sfira.org/tombstone/view?id=3792
RSK 114a,https://sfira.org/tombstone/view?id=3357
RSK 148,https://sfira.org/tombstone/view?id=3394
RSK 156,https://sfira.org/tombstone/view?id=3402
RSK 218,https://sfira.org/tombstone/view?id=3466
RSK 354,https://sfira.org/tombstone/view?id=3609
RSK 377,https://sfira.org/tombstone/view?id=3632
RSK 488,https://sfira.org/tombstone/view?id=3745
RSK 886,https://sfira.org/tombstone/view?id=4163
RSK 893,https://sfira.org/tombstone/view?id=4170
BSH 313,https://sfira.org/tombstone/view?id=4532
BSH 361,https://sfira.org/tombstone/view?id=4581
BSH 299,https://sfira.org/tombstone/view?id=4518
BSH 368,https://sfira.org/tombstone/view?id=4590
BSH 494,https://sfira.org/tombstone/view?id=4719
BSH 536,https://sfira.org/tombstone/view?id=4761
BSH 831,https://sfira.org/tombstone/view?id=5056
BSH 1050,https://sfira.org/tombstone/view?id=5278
BSH 408,https://sfira.org/tombstone/view?id=4630
RSK 45,https://sfira.org/tombstone/view?id=3285
RSK 276,https://sfira.org/tombstone/view?id=3529
RSK 479,https://sfira.org/tombstone/view?id=3736
RSK 613,https://sfira.org/tombstone/view?id=3880
BSH 56,https://sfira.org/tombstone/view?id=4263
RSK 141a,https://sfira.org/tombstone/view?id=3386
RSK 458,https://sfira.org/tombstone/view?id=3715
RSK 826,https://sfira.org/tombstone/view?id=4102
BSH 52,https://sfira.org/tombstone/view?id=4259
BSH 546,https://sfira.org/tombstone/view?id=4771
RSK 72,https://sfira.org/tombstone/view?id=3313
RSK 238,https://sfira.org/tombstone/view?id=3487
RSK 344,https://sfira.org/tombstone/view?id=3599
RSK 352,https://sfira.org/tombstone/view?id=3607
RSK 403,https://sfira.org/tombstone/view?id=3658
RSK 572,https://sfira.org/tombstone/view?id=3836
RSK 765,https://sfira.org/tombstone/view?id=4041
RSK 896,https://sfira.org/tombstone/view?id=4174
BSH 72,https://sfira.org/tombstone/view?id=4280
BSH 97,https://sfira.org/tombstone/view?id=4307
BSH 475,https://sfira.org/tombstone/view?id=4700
BSH 662,https://sfira.org/tombstone/view?id=4887
BSH 688,https://sfira.org/tombstone/view?id=4913
BSH 709,https://sfira.org/tombstone/view?id=4934
BSH 857,https://sfira.org/tombstone/view?id=5082
BSH 3017,https://sfira.org/tombstone/view?id=5380
BSH 523,https://sfira.org/tombstone/view?id=4748
BSH 2011,https://sfira.org/tombstone/view?id=5341
RSK 345,https://sfira.org/tombstone/view?id=3600
BSH 137,https://sfira.org/tombstone/view?id=4349
RSK 350,https://sfira.org/tombstone/view?id=3605
BSH 139,https://sfira.org/tombstone/view?id=4351
RSK 808,https://sfira.org/tombstone/view?id=4083
BSH 610,https://sfira.org/tombstone/view?id=4835
RSK 229,https://sfira.org/tombstone/view?id=3478
BSH 985,https://sfira.org/tombstone/view?id=5211
BSH 1065,https://sfira.org/tombstone/view?id=5293
BSH 691,https://sfira.org/tombstone/view?id=4916
RSK 356,https://sfira.org/tombstone/view?id=3611
RSK 326,https://sfira.org/tombstone/view?id=3580
RSK 813,https://sfira.org/tombstone/view?id=4089
BSH 459,https://sfira.org/tombstone/view?id=4684
BSH 747,https://sfira.org/tombstone/view?id=4972
BSH 451,https://sfira.org/tombstone/view?id=4676
BSH 464,https://sfira.org/tombstone/view?id=4689
BSH 823,https://sfira.org/tombstone/view?id=5048
BSH 824,https://sfira.org/tombstone/view?id=5049
BSH 1077,https://sfira.org/tombstone/view?id=5309
BSH 270,https://sfira.org/tombstone/view?id=4489
BSH 294,https://sfira.org/tombstone/view?id=4513
BSH 427,https://sfira.org/tombstone/view?id=4650
BSH 631,https://sfira.org/tombstone/view?id=4856
RSK 20,https://sfira.org/tombstone/view?id=3261
RSK 143,https://sfira.org/tombstone/view?id=3388
RSK 145,https://sfira.org/tombstone/view?id=3390
RSK 160,https://sfira.org/tombstone/view?id=3406
RSK 165,https://sfira.org/tombstone/view?id=3411
RSK 197,https://sfira.org/tombstone/view?id=3444
RSK 232,https://sfira.org/tombstone/view?id=3481
RSK 284,https://sfira.org/tombstone/view?id=3537
RSK 298,https://sfira.org/tombstone/view?id=3552
RSK 316,https://sfira.org/tombstone/view?id=3570
RSK 378,https://sfira.org/tombstone/view?id=3634
RSK 435a,https://sfira.org/tombstone/view?id=3691
RSK 491,https://sfira.org/tombstone/view?id=3748
BSH 43,https://sfira.org/tombstone/view?id=4250
BSH 149,https://sfira.org/tombstone/view?id=4361
BSH 250,https://sfira.org/tombstone/view?id=4469
BSH 255,https://sfira.org/tombstone/view?id=4474
BSH 315,https://sfira.org/tombstone/view?id=4534
BSH 320,https://sfira.org/tombstone/view?id=4539
BSH 394,https://sfira.org/tombstone/view?id=4616
BSH 437,https://sfira.org/tombstone/view?id=4660
BSH 558,https://sfira.org/tombstone/view?id=4783
BSH 559,https://sfira.org/tombstone/view?id=4784
BSH 638,https://sfira.org/tombstone/view?id=4863
BSH 649,https://sfira.org/tombstone/view?id=4874
BSH 762,https://sfira.org/tombstone/view?id=4987
BSH 793,https://sfira.org/tombstone/view?id=5018
BSH 834,https://sfira.org/tombstone/view?id=5059
BSH 835,https://sfira.org/tombstone/view?id=5060
BSH 853,https://sfira.org/tombstone/view?id=5078
BSH 889,https://sfira.org/tombstone/view?id=5114
BSH 914,https://sfira.org/tombstone/view?id=5140
BSH 951,https://sfira.org/tombstone/view?id=5177
BSH 1016,https://sfira.org/tombstone/view?id=5243
BSH 2010,https://sfira.org/tombstone/view?id=5340
BSH 257,https://sfira.org/tombstone/view?id=4476
BSH 876,https://sfira.org/tombstone/view?id=5101
BSH 22,https://sfira.org/tombstone/view?id=4228
BSH 223,https://sfira.org/tombstone/view?id=4439
RSK 504,https://sfira.org/tombstone/view?id=3761
RSK 571,https://sfira.org/tombstone/view?id=3835
BSH 386,https://sfira.org/tombstone/view?id=4608
RSK 242,https://sfira.org/tombstone/view?id=3491
RSK 351,https://sfira.org/tombstone/view?id=3606
BSH 225,https://sfira.org/tombstone/view?id=4441
BSH 812,https://sfira.org/tombstone/view?id=5037
RSK 895,https://sfira.org/tombstone/view?id=4172
RSK 838,https://sfira.org/tombstone/view?id=4116
BSH 74,https://sfira.org/tombstone/view?id=4282
RSK 537,https://sfira.org/tombstone/view?id=3796
RSK 553,https://sfira.org/tombstone/view?id=3814
RSK 584,https://sfira.org/tombstone/view?id=3850
BSH 15,https://sfira.org/tombstone/view?id=4220
BSH 415,https://sfira.org/tombstone/view?id=4637
BSH 185,https://sfira.org/tombstone/view?id=4399
RSK 127,https://sfira.org/tombstone/view?id=3371
BSH 276,https://sfira.org/tombstone/view?id=4495
RSK 409,https://sfira.org/tombstone/view?id=3663
RSK 688,https://sfira.org/tombstone/view?id=3960
RSK 819,https://sfira.org/tombstone/view?id=4095
BSH 288,https://sfira.org/tombstone/view?id=4507
RSK 7,https://sfira.org/tombstone/view?id=3245
BSH 609,https://sfira.org/tombstone/view?id=4834
BSH 81,https://sfira.org/tombstone/view?id=4291
BSH 657,https://sfira.org/tombstone/view?id=4882
RSK 54,https://sfira.org/tombstone/view?id=3294
BSH 796,https://sfira.org/tombstone/view?id=5021
BSH 1075,https://sfira.org/tombstone/view?id=5306
RSK 164,https://sfira.org/tombstone/view?id=3410
RSK 417,https://sfira.org/tombstone/view?id=3672
RSK 868,https://sfira.org/tombstone/view?id=4145
RSK 212,https://sfira.org/tombstone/view?id=3459
BSH 400,https://sfira.org/tombstone/view?id=4622
BSH 944,https://sfira.org/tombstone/view?id=5170
BSH 3011,https://sfira.org/tombstone/view?id=5374
RSK 493,https://sfira.org/tombstone/view?id=3750
BSH 704,https://sfira.org/tombstone/view?id=4929
BSH 527,https://sfira.org/tombstone/view?id=4752
BSH 2028,https://sfira.org/tombstone/view?id=5360
BSH 356,https://sfira.org/tombstone/view?id=4576
BSH 369,https://sfira.org/tombstone/view?id=4591
BSH 663,https://sfira.org/tombstone/view?id=4888
BSH 681,https://sfira.org/tombstone/view?id=4906
RSK 119,https://sfira.org/tombstone/view?id=3362
RSK 31,https://sfira.org/tombstone/view?id=3272
RSK 172,https://sfira.org/tombstone/view?id=3418
RSK 183,https://sfira.org/tombstone/view?id=3429
RSK 256,https://sfira.org/tombstone/view?id=3507
RSK 291,https://sfira.org/tombstone/view?id=3545
RSK 348,https://sfira.org/tombstone/view?id=3603
RSK 367,https://sfira.org/tombstone/view?id=3622
RSK 483,https://sfira.org/tombstone/view?id=3740
RSK 498,https://sfira.org/tombstone/view?id=3755
RSK 607,https://sfira.org/tombstone/view?id=3874
RSK 700,https://sfira.org/tombstone/view?id=3973
RSK 789,https://sfira.org/tombstone/view?id=4064
RSK 883,https://sfira.org/tombstone/view?id=4159
BSH 591,https://sfira.org/tombstone/view?id=4816
BSH 945,https://sfira.org/tombstone/view?id=5171
BSH 1068a,https://sfira.org/tombstone/view?id=5297
BSH 324,https://sfira.org/tombstone/view?id=4543
RSK 379,https://sfira.org/tombstone/view?id=3635
RSK 106,https://sfira.org/tombstone/view?id=3348
RSK 120,https://sfira.org/tombstone/view?id=3363
RSK 186,https://sfira.org/tombstone/view?id=3433
RSK 226,https://sfira.org/tombstone/view?id=3474
RSK 579,https://sfira.org/tombstone/view?id=3844
RSK 612,https://sfira.org/tombstone/view?id=3879
RSK 614,https://sfira.org/tombstone/view?id=3881
BSH 153,https://sfira.org/tombstone/view?id=4365
BSH 275,https://sfira.org/tombstone/view?id=4494
BSH 385,https://sfira.org/tombstone/view?id=4607
BSH 553,https://sfira.org/tombstone/view?id=4778
BSH 810,https://sfira.org/tombstone/view?id=5035
BSH 813,https://sfira.org/tombstone/view?id=5038
BSH 841,https://sfira.org/tombstone/view?id=5066
BSH 880,https://sfira.org/tombstone/view?id=5105
BSH 961,https://sfira.org/tombstone/view?id=5187
BSH 1019,https://sfira.org/tombstone/view?id=5246
BSH 1021,https://sfira.org/tombstone/view?id=5248
BSH 1073,https://sfira.org/tombstone/view?id=5304
RSK 188,https://sfira.org/tombstone/view?id=3435
BSH 309,https://sfira.org/tombstone/view?id=4528
BSH 887,https://sfira.org/tombstone/view?id=5112
BSH 932,https://sfira.org/tombstone/view?id=5158
RSK 312,https://sfira.org/tombstone/view?id=3566
BSH 2023a,https://sfira.org/tombstone/view?id=5355
RSK 76,https://sfira.org/tombstone/view?id=3317
RSK 13,https://sfira.org/tombstone/view?id=3254
RSK 85,https://sfira.org/tombstone/view?id=3326
RSK 108,https://sfira.org/tombstone/view?id=3350
RSK 158,https://sfira.org/tombstone/view?id=3404
RSK 280,https://sfira.org/tombstone/view?id=3533
RSK 489,https://sfira.org/tombstone/view?id=3746
RSK 501,https://sfira.org/tombstone/view?id=3758
RSK 508,https://sfira.org/tombstone/view?id=3765
RSK 542,https://sfira.org/tombstone/view?id=3802
RSK 583,https://sfira.org/tombstone/view?id=3849
RSK 894,https://sfira.org/tombstone/view?id=4171
BSH 9,https://sfira.org/tombstone/view?id=4213
BSH 77,https://sfira.org/tombstone/view?id=4285
BSH 332,https://sfira.org/tombstone/view?id=4551
BSH 477,https://sfira.org/tombstone/view?id=4702
BSH 514,https://sfira.org/tombstone/view?id=4739
BSH 593,https://sfira.org/tombstone/view?id=4818
BSH 705,https://sfira.org/tombstone/view?id=4930
BSH 732,https://sfira.org/tombstone/view?id=4957
BSH 733,https://sfira.org/tombstone/view?id=4958
BSH 741,https://sfira.org/tombstone/view?id=4966
BSH 753,https://sfira.org/tombstone/view?id=4978
BSH 865,https://sfira.org/tombstone/view?id=5090
BSH 1063,https://sfira.org/tombstone/view?id=5291
BSH 1080,https://sfira.org/tombstone/view?id=5313
BSH 188,https://sfira.org/tombstone/view?id=4402
BSH 776,https://sfira.org/tombstone/view?id=5001
BSH 777,https://sfira.org/tombstone/view?id=5002
BSH 1088,https://sfira.org/tombstone/view?id=5321
RSK 240,https://sfira.org/tombstone/view?id=3489
BSH 118,https://sfira.org/tombstone/view?id=4329
BSH 438,https://sfira.org/tombstone/view?id=4661
BSH 492,https://sfira.org/tombstone/view?id=4717
BSH 917,https://sfira.org/tombstone/view?id=5143
BSH 465,https://sfira.org/tombstone/view?id=4690
BSH 2018,https://sfira.org/tombstone/view?id=5348
BSH 14,https://sfira.org/tombstone/view?id=4219
RSK 875,https://sfira.org/tombstone/view?id=4152
RSK 901,https://sfira.org/tombstone/view?id=4179
BSH 1041,https://sfira.org/tombstone/view?id=5268
BSH 879,https://sfira.org/tombstone/view?id=5104
RSK 821,https://sfira.org/tombstone/view?id=4097
BSH 480,https://sfira.org/tombstone/view?id=4705
BSH 878,https://sfira.org/tombstone/view?id=5103
BSH 23,https://sfira.org/tombstone/view?id=4229
BSH 819,https://sfira.org/tombstone/view?id=5044
BSH 530,https://sfira.org/tombstone/view?id=4755
RSK 687,https://sfira.org/tombstone/view?id=3959
BSH 213,https://sfira.org/tombstone/view?id=4429
RSK 176,https://sfira.org/tombstone/view?id=3422
RSK 734,https://sfira.org/tombstone/view?id=4009
BSH 329,https://sfira.org/tombstone/view?id=4548
BSH 909,https://sfira.org/tombstone/view?id=5135
BSH 1012,https://sfira.org/tombstone/view?id=5239
RSK 649,https://sfira.org/tombstone/view?id=3919
RSK 224,https://sfira.org/tombstone/view?id=3472
BSH 571,https://sfira.org/tombstone/view?id=4796
RSK 400,https://sfira.org/tombstone/view?id=3655
BSH 160,https://sfira.org/tombstone/view?id=4374
RSK 82,https://sfira.org/tombstone/view?id=3323
RSK 230,https://sfira.org/tombstone/view?id=3479
RSK 620,https://sfira.org/tombstone/view?id=3887
RSK 694,https://sfira.org/tombstone/view?id=3966
RSK 1008,https://sfira.org/tombstone/view?id=4190
BSH 37,https://sfira.org/tombstone/view?id=4244
BSH 811,https://sfira.org/tombstone/view?id=5036
BSH 782,https://sfira.org/tombstone/view?id=5007
BSH 748,https://sfira.org/tombstone/view?id=4973
LDZ 3036,https://sfira.org/tombstone/view?id=317
BSH 1013,https://sfira.org/tombstone/view?id=5240
RSK 34,https://sfira.org/tombstone/view?id=3275
RSK 136,https://sfira.org/tombstone/view?id=3380
RSK 137,https://sfira.org/tombstone/view?id=3381
RSK 422,https://sfira.org/tombstone/view?id=3677
RSK 425,https://sfira.org/tombstone/view?id=3680
RSK 428,https://sfira.org/tombstone/view?id=3683
RSK 461,https://sfira.org/tombstone/view?id=3718
RSK 547,https://sfira.org/tombstone/view?id=3807
RSK 744,https://sfira.org/tombstone/view?id=4020
RSK 767,https://sfira.org/tombstone/view?id=4043
RSK 825,https://sfira.org/tombstone/view?id=4101
RSK 857,https://sfira.org/tombstone/view?id=4134
BSH 215,https://sfira.org/tombstone/view?id=4431
BSH 340,https://sfira.org/tombstone/view?id=4559
BSH 374,https://sfira.org/tombstone/view?id=4596
BSH 444,https://sfira.org/tombstone/view?id=4669
BSH 759,https://sfira.org/tombstone/view?id=4984
BSH 895,https://sfira.org/tombstone/view?id=5120
BSH 895a,https://sfira.org/tombstone/view?id=5121
BSH 929,https://sfira.org/tombstone/view?id=5155
BSH 249,https://sfira.org/tombstone/view?id=4468
BSH 885,https://sfira.org/tombstone/view?id=5110
BSH 80,https://sfira.org/tombstone/view?id=4290
BSH 217,https://sfira.org/tombstone/view?id=4433
RSK 397,https://sfira.org/tombstone/view?id=3652
BSH 625,https://sfira.org/tombstone/view?id=4850
BSH 661,https://sfira.org/tombstone/view?id=4886
BSH 198,https://sfira.org/tombstone/view?id=4412
RSK 608,https://sfira.org/tombstone/view?id=3875
BSH 129,https://sfira.org/tombstone/view?id=4341
BSH 248,https://sfira.org/tombstone/view?id=4467
BSH 285,https://sfira.org/tombstone/view?id=4504
BSH 326,https://sfira.org/tombstone/view?id=4545
BSH 521,https://sfira.org/tombstone/view?id=4746
BSH 525,https://sfira.org/tombstone/view?id=4750
BSH 616,https://sfira.org/tombstone/view?id=4841
BSH 790,https://sfira.org/tombstone/view?id=5015
BSH 905,https://sfira.org/tombstone/view?id=5131
BSH 1000,https://sfira.org/tombstone/view?id=5227
BSH 3025,https://sfira.org/tombstone/view?id=5388
BSH 579,https://sfira.org/tombstone/view?id=4804
BSH 483,https://sfira.org/tombstone/view?id=4708
BSH 508,https://sfira.org/tombstone/view?id=4733
BSH 648,https://sfira.org/tombstone/view?id=4873
RSK 466,https://sfira.org/tombstone/view?id=3723
BSH 642,https://sfira.org/tombstone/view?id=4867
BSH 658,https://sfira.org/tombstone/view?id=4883
BSH 16,https://sfira.org/tombstone/view?id=4221
BSH 327,https://sfira.org/tombstone/view?id=4546
BSH 629,https://sfira.org/tombstone/view?id=4854
BSH 1092,https://sfira.org/tombstone/view?id=5325
BSH 419,https://sfira.org/tombstone/view?id=4642
BSH 884,https://sfira.org/tombstone/view?id=5109
BSH 3028,https://sfira.org/tombstone/view?id=5391
RSK 334,https://sfira.org/tombstone/view?id=3588
RSK 128,https://sfira.org/tombstone/view?id=3372
RSK 187,https://sfira.org/tombstone/view?id=3434
RSK 227,https://sfira.org/tombstone/view?id=3475
RSK 305,https://sfira.org/tombstone/view?id=3559
RSK 321,https://sfira.org/tombstone/view?id=3575
RSK 586,https://sfira.org/tombstone/view?id=3852
RSK 785,https://sfira.org/tombstone/view?id=4060
BSH 30,https://sfira.org/tombstone/view?id=4237
BSH 679,https://sfira.org/tombstone/view?id=4904
BSH 680,https://sfira.org/tombstone/view?id=4905
BSH 734,https://sfira.org/tombstone/view?id=4959
BSH 775,https://sfira.org/tombstone/view?id=5000
BSH 942,https://sfira.org/tombstone/view?id=5168
BSH 258,https://sfira.org/tombstone/view?id=4477
BSH 383,https://sfira.org/tombstone/view?id=4605
BSH 995,https://sfira.org/tombstone/view?id=5222
BSH 652,https://sfira.org/tombstone/view?id=4877
BSH 574,https://sfira.org/tombstone/view?id=4799
BSH 5,https://sfira.org/tombstone/view?id=4209
BSH 93,https://sfira.org/tombstone/view?id=4303
BSH 266,https://sfira.org/tombstone/view?id=4485
BSH 1086,https://sfira.org/tombstone/view?id=5319
RSK 500,https://sfira.org/tombstone/view?id=3757
BSH 205,https://sfira.org/tombstone/view?id=4421
BSH 348,https://sfira.org/tombstone/view?id=4568
BSH 719,https://sfira.org/tombstone/view?id=4944
BSH 1084,https://sfira.org/tombstone/view?id=5317
BSH 2008,https://sfira.org/tombstone/view?id=5337
BSH 670,https://sfira.org/tombstone/view?id=4895
BSH 980,https://sfira.org/tombstone/view?id=5206
RSK 17,https://sfira.org/tombstone/view?id=3258
BSH 736,https://sfira.org/tombstone/view?id=4961
RSK 681,https://sfira.org/tombstone/view?id=3953
BSH 983,https://sfira.org/tombstone/view?id=5209
BSH 341,https://sfira.org/tombstone/view?id=4560
BSH 398,https://sfira.org/tombstone/view?id=4620
RSK 609,https://sfira.org/tombstone/view?id=3876
RSK 621,https://sfira.org/tombstone/view?id=3888
RSK 827,https://sfira.org/tombstone/view?id=4103
BSH 506,https://sfira.org/tombstone/view?id=4731
RSK 588,https://sfira.org/tombstone/view?id=3854
BSH 1023,https://sfira.org/tombstone/view?id=5250
BSH 746,https://sfira.org/tombstone/view?id=4971
BSH 972,https://sfira.org/tombstone/view?id=5198
BSH 367,https://sfira.org/tombstone/view?id=4589
RSK 307,https://sfira.org/tombstone/view?id=3561
BSH 388,https://sfira.org/tombstone/view?id=4610
BSH 656,https://sfira.org/tombstone/view?id=4881
BSH 771,https://sfira.org/tombstone/view?id=4996
BSH 3008,https://sfira.org/tombstone/view?id=5371
BSH 64,https://sfira.org/tombstone/view?id=4271
RSK 511,https://sfira.org/tombstone/view?id=3768
BSH 1014,https://sfira.org/tombstone/view?id=5241
BSH 423,https://sfira.org/tombstone/view?id=4646
BSH 568,https://sfira.org/tombstone/view?id=4793
RSK 761,https://sfira.org/tombstone/view?id=4037
BSH 928,https://sfira.org/tombstone/view?id=5154
RSK 170,https://sfira.org/tombstone/view?id=3416
RSK 725,https://sfira.org/tombstone/view?id=4000
RSK 439,https://sfira.org/tombstone/view?id=3695
RSK 457,https://sfira.org/tombstone/view?id=3714
RSK 522,https://sfira.org/tombstone/view?id=3780
BSH 110,https://sfira.org/tombstone/view?id=4321
BSH 150,https://sfira.org/tombstone/view?id=4362
BSH 220,https://sfira.org/tombstone/view?id=4436
BSH 490,https://sfira.org/tombstone/view?id=4715
BSH 821,https://sfira.org/tombstone/view?id=5046
BSH 971,https://sfira.org/tombstone/view?id=5197
BSH 1082,https://sfira.org/tombstone/view?id=5315
RSK 747,https://sfira.org/tombstone/view?id=4023
LDZ 3020,https://sfira.org/tombstone/view?id=301
LDZ 3034,https://sfira.org/tombstone/view?id=315
BSH 583,https://sfira.org/tombstone/view?id=4808
BSH 955,https://sfira.org/tombstone/view?id=5181
BSH 943,https://sfira.org/tombstone/view?id=5169
BSH 263,https://sfira.org/tombstone/view?id=4482
BSH 82,https://sfira.org/tombstone/view?id=4292
BSH 1030,https://sfira.org/tombstone/view?id=5257
RSK 477,https://sfira.org/tombstone/view?id=3734
RSK 14,https://sfira.org/tombstone/view?id=3255
RSK 71,https://sfira.org/tombstone/view?id=3312
RSK 87,https://sfira.org/tombstone/view?id=3329
RSK 109,https://sfira.org/tombstone/view?id=3351
RSK 110,https://sfira.org/tombstone/view?id=3352
RSK 141,https://sfira.org/tombstone/view?id=3385
RSK 503,https://sfira.org/tombstone/view?id=3760
RSK 509,https://sfira.org/tombstone/view?id=3766
RSK 570a,https://sfira.org/tombstone/view?id=3834
RSK 585,https://sfira.org/tombstone/view?id=3851
RSK 802,https://sfira.org/tombstone/view?id=4077
RSK 898,https://sfira.org/tombstone/view?id=4176
BSH 6,https://sfira.org/tombstone/view?id=4210
BSH 7,https://sfira.org/tombstone/view?id=4211
BSH 598,https://sfira.org/tombstone/view?id=4823
BSH 856,https://sfira.org/tombstone/view?id=5081
BSH 920,https://sfira.org/tombstone/view?id=5146
BSH 1048,https://sfira.org/tombstone/view?id=5276
BSH 1064,https://sfira.org/tombstone/view?id=5292
BSH 1081,https://sfira.org/tombstone/view?id=5314
BSH 2014,https://sfira.org/tombstone/view?id=5344
BSH 271,https://sfira.org/tombstone/view?id=4490
RSK 363,https://sfira.org/tombstone/view?id=3618
BSH 109,https://sfira.org/tombstone/view?id=4320
RSK 550,https://sfira.org/tombstone/view?id=3811
RSK 505,https://sfira.org/tombstone/view?id=3762
BSH 174,https://sfira.org/tombstone/view?id=4388
RSK 16,https://sfira.org/tombstone/view?id=3257
RSK 19,https://sfira.org/tombstone/view?id=3260
RSK 147,https://sfira.org/tombstone/view?id=3393
RSK 179,https://sfira.org/tombstone/view?id=3425
RSK 184,https://sfira.org/tombstone/view?id=3430
RSK 190,https://sfira.org/tombstone/view?id=3437
RSK 248,https://sfira.org/tombstone/view?id=3498
RSK 267,https://sfira.org/tombstone/view?id=3519
RSK 282,https://sfira.org/tombstone/view?id=3535
RSK 302,https://sfira.org/tombstone/view?id=3556
RSK 343,https://sfira.org/tombstone/view?id=3598
RSK 347,https://sfira.org/tombstone/view?id=3602
RSK 353,https://sfira.org/tombstone/view?id=3608
RSK 358,https://sfira.org/tombstone/view?id=3613
RSK 366,https://sfira.org/tombstone/view?id=3621
RSK 591,https://sfira.org/tombstone/view?id=3857
RSK 680,https://sfira.org/tombstone/view?id=3952
RSK 818,https://sfira.org/tombstone/view?id=4094
RSK 830a,https://sfira.org/tombstone/view?id=4107
RSK 845,https://sfira.org/tombstone/view?id=4122
RSK 860,https://sfira.org/tombstone/view?id=4137
RSK 877,https://sfira.org/tombstone/view?id=4154
RSK 880,https://sfira.org/tombstone/view?id=4157
BSH 4,https://sfira.org/tombstone/view?id=4208
BSH 86,https://sfira.org/tombstone/view?id=4296
BSH 117,https://sfira.org/tombstone/view?id=4328
BSH 189,https://sfira.org/tombstone/view?id=4403
BSH 260,https://sfira.org/tombstone/view?id=4479
BSH 493,https://sfira.org/tombstone/view?id=4718
BSH 547,https://sfira.org/tombstone/view?id=4772
BSH 721,https://sfira.org/tombstone/view?id=4946
BSH 730,https://sfira.org/tombstone/view?id=4955
BSH 763,https://sfira.org/tombstone/view?id=4988
BSH 798,https://sfira.org/tombstone/view?id=5023
BSH 924,https://sfira.org/tombstone/view?id=5150
BSH 977,https://sfira.org/tombstone/view?id=5203
BSH 989a,https://sfira.org/tombstone/view?id=5216
BSH 1008,https://sfira.org/tombstone/view?id=5235
BSH 1062,https://sfira.org/tombstone/view?id=5290
BSH 2007,https://sfira.org/tombstone/view?id=5336
BSH 562,https://sfira.org/tombstone/view?id=4787
BSH 2026,https://sfira.org/tombstone/view?id=5358
BSH 265,https://sfira.org/tombstone/view?id=4484
RSK 142,https://sfira.org/tombstone/view?id=3387
BSH 31,https://sfira.org/tombstone/view?id=4238
RSK 288,https://sfira.org/tombstone/view?id=3542
RSK 451,https://sfira.org/tombstone/view?id=3708
BSH 650,https://sfira.org/tombstone/view?id=4875
RSK 548,https://sfira.org/tombstone/view?id=3809
BSH 272,https://sfira.org/tombstone/view?id=4491
BSH 1053,https://sfira.org/tombstone/view?id=5281
RSK 853,https://sfira.org/tombstone/view?id=4130
BSH 773,https://sfira.org/tombstone/view?id=4998
BSH 3018,https://sfira.org/tombstone/view?id=5381
BSH 130,https://sfira.org/tombstone/view?id=4342
BSH 317,https://sfira.org/tombstone/view?id=4536
BSH 801,https://sfira.org/tombstone/view?id=5026
BSH 318,https://sfira.org/tombstone/view?id=4537
BSH 2017,https://sfira.org/tombstone/view?id=5347
BSH 47,https://sfira.org/tombstone/view?id=4254
RSK 74,https://sfira.org/tombstone/view?id=3315
RSK 200,https://sfira.org/tombstone/view?id=3447
RSK 201,https://sfira.org/tombstone/view?id=3448
BSH 252,https://sfira.org/tombstone/view?id=4471
BSH 181,https://sfira.org/tombstone/view?id=4395
RSK 396,https://sfira.org/tombstone/view?id=3651
RSK 163,https://sfira.org/tombstone/view?id=3409
BSH 557,https://sfira.org/tombstone/view?id=4782
BSH 387,https://sfira.org/tombstone/view?id=4609
RSK 415,https://sfira.org/tombstone/view?id=3670
BSH 599,https://sfira.org/tombstone/view?id=4824
RSK 626a,https://sfira.org/tombstone/view?id=3894
RSK 627,https://sfira.org/tombstone/view?id=3895
RSK 629,https://sfira.org/tombstone/view?id=3897
RSK 630,https://sfira.org/tombstone/view?id=3898
RSK 631,https://sfira.org/tombstone/view?id=3899
RSK 636,https://sfira.org/tombstone/view?id=3905
RSK 637,https://sfira.org/tombstone/view?id=3906
RSK 638,https://sfira.org/tombstone/view?id=3907
RSK 639,https://sfira.org/tombstone/view?id=3908
RSK 640,https://sfira.org/tombstone/view?id=3909
RSK 641,https://sfira.org/tombstone/view?id=3910
RSK 642a,https://sfira.org/tombstone/view?id=3912
RSK 643,https://sfira.org/tombstone/view?id=3913
RSK 645,https://sfira.org/tombstone/view?id=3915
RSK 650,https://sfira.org/tombstone/view?id=3920
RSK 27,https://sfira.org/tombstone/view?id=3268
RSK 206,https://sfira.org/tombstone/view?id=3453
RSK 263,https://sfira.org/tombstone/view?id=3514
RSK 268,https://sfira.org/tombstone/view?id=3520
RSK 272,https://sfira.org/tombstone/view?id=3524
RSK 450,https://sfira.org/tombstone/view?id=3707
RSK 547a,https://sfira.org/tombstone/view?id=3808
RSK 561a,https://sfira.org/tombstone/view?id=3824
RSK 648,https://sfira.org/tombstone/view?id=3918
RSK 689,https://sfira.org/tombstone/view?id=3961
RSK 696a,https://sfira.org/tombstone/view?id=3969
RSK 698,https://sfira.org/tombstone/view?id=3971
RSK 772,https://sfira.org/tombstone/view?id=4048
BSH 183,https://sfira.org/tombstone/view?id=4397
LDZ 3017,https://sfira.org/tombstone/view?id=298
LDZ 3041,https://sfira.org/tombstone/view?id=322
RSK 1004a,https://sfira.org/tombstone/view?id=4186
RSK 1005,https://sfira.org/tombstone/view?id=4187
RSK 1009,https://sfira.org/tombstone/view?id=4191
RSK 1018,https://sfira.org/tombstone/view?id=4200
BSH 2006,https://sfira.org/tombstone/view?id=5334
RSK 3,https://sfira.org/tombstone/view?id=3241
RSK 5,https://sfira.org/tombstone/view?id=3243
RSK 6,https://sfira.org/tombstone/view?id=3244
RSK 9a,https://sfira.org/tombstone/view?id=3248
RSK 9b,https://sfira.org/tombstone/view?id=3249
RSK 9c,https://sfira.org/tombstone/view?id=3250
RSK 10,https://sfira.org/tombstone/view?id=3251
RSK 22,https://sfira.org/tombstone/view?id=3263
RSK 23,https://sfira.org/tombstone/view?id=3264
RSK 24,https://sfira.org/tombstone/view?id=3265
RSK 39,https://sfira.org/tombstone/view?id=3279
RSK 46,https://sfira.org/tombstone/view?id=3286
RSK 50,https://sfira.org/tombstone/view?id=3290
RSK 64,https://sfira.org/tombstone/view?id=3304
RSK 65,https://sfira.org/tombstone/view?id=3305
RSK 69,https://sfira.org/tombstone/view?id=3309
RSK 69a,https://sfira.org/tombstone/view?id=3310
RSK 70,https://sfira.org/tombstone/view?id=3311
RSK 73,https://sfira.org/tombstone/view?id=3314
RSK 77,https://sfira.org/tombstone/view?id=3318
RSK 111,https://sfira.org/tombstone/view?id=3353
RSK 112,https://sfira.org/tombstone/view?id=3354
RSK 115,https://sfira.org/tombstone/view?id=3358
RSK 123a,https://sfira.org/tombstone/view?id=3367
RSK 124,https://sfira.org/tombstone/view?id=3368
RSK 125,https://sfira.org/tombstone/view?id=3369
RSK 126,https://sfira.org/tombstone/view?id=3370
RSK 130,https://sfira.org/tombstone/view?id=3374
RSK 131,https://sfira.org/tombstone/view?id=3375
RSK 132,https://sfira.org/tombstone/view?id=3376
RSK 133,https://sfira.org/tombstone/view?id=3377
RSK 145a,https://sfira.org/tombstone/view?id=3391
RSK 146,https://sfira.org/tombstone/view?id=3392
RSK 185a,https://sfira.org/tombstone/view?id=3432
RSK 191,https://sfira.org/tombstone/view?id=3438
RSK 192,https://sfira.org/tombstone/view?id=3439
RSK 198,https://sfira.org/tombstone/view?id=3445
RSK 199,https://sfira.org/tombstone/view?id=3446
RSK 203,https://sfira.org/tombstone/view?id=3450
RSK 204,https://sfira.org/tombstone/view?id=3451
RSK 205,https://sfira.org/tombstone/view?id=3452
RSK 215,https://sfira.org/tombstone/view?id=3462
RSK 222,https://sfira.org/tombstone/view?id=3470
RSK 235,https://sfira.org/tombstone/view?id=3484
RSK 236,https://sfira.org/tombstone/view?id=3485
RSK 250a,https://sfira.org/tombstone/view?id=3501
RSK 251,https://sfira.org/tombstone/view?id=3502
RSK 255,https://sfira.org/tombstone/view?id=3506
RSK 257,https://sfira.org/tombstone/view?id=3508
RSK 258,https://sfira.org/tombstone/view?id=3509
RSK 259,https://sfira.org/tombstone/view?id=3510
RSK 274,https://sfira.org/tombstone/view?id=3526
RSK 275a,https://sfira.org/tombstone/view?id=3528
RSK 277,https://sfira.org/tombstone/view?id=3530
RSK 285a,https://sfira.org/tombstone/view?id=3539
RSK 310,https://sfira.org/tombstone/view?id=3564
RSK 311,https://sfira.org/tombstone/view?id=3565
RSK 313,https://sfira.org/tombstone/view?id=3567
RSK 320,https://sfira.org/tombstone/view?id=3574
RSK 322,https://sfira.org/tombstone/view?id=3576
RSK 323,https://sfira.org/tombstone/view?id=3577
RSK 329,https://sfira.org/tombstone/view?id=3583
RSK 332,https://sfira.org/tombstone/view?id=3586
RSK 338,https://sfira.org/tombstone/view?id=3592
RSK 340,https://sfira.org/tombstone/view?id=3594
RSK 385,https://sfira.org/tombstone/view?id=3641
RSK 389,https://sfira.org/tombstone/view?id=3644
RSK 391,https://sfira.org/tombstone/view?id=3646
RSK 407,https://sfira.org/tombstone/view?id=3661
RSK 408,https://sfira.org/tombstone/view?id=3662
RSK 418,https://sfira.org/tombstone/view?id=3673
RSK 431,https://sfira.org/tombstone/view?id=3686
RSK 441,https://sfira.org/tombstone/view?id=3697
RSK 448a,https://sfira.org/tombstone/view?id=3705
RSK 453,https://sfira.org/tombstone/view?id=3710
RSK 454,https://sfira.org/tombstone/view?id=3711
RSK 460,https://sfira.org/tombstone/view?id=3717
RSK 467,https://sfira.org/tombstone/view?id=3724
RSK 469,https://sfira.org/tombstone/view?id=3726
RSK 470,https://sfira.org/tombstone/view?id=3727
RSK 472,https://sfira.org/tombstone/view?id=3729
RSK 474,https://sfira.org/tombstone/view?id=3731
RSK 497,https://sfira.org/tombstone/view?id=3754
RSK 510,https://sfira.org/tombstone/view?id=3767
RSK 512,https://sfira.org/tombstone/view?id=3769
RSK 514a,https://sfira.org/tombstone/view?id=3772
RSK 527a,https://sfira.org/tombstone/view?id=3786
RSK 540,https://sfira.org/tombstone/view?id=3799
RSK 541a,https://sfira.org/tombstone/view?id=3801
RSK 546,https://sfira.org/tombstone/view?id=3806
RSK 552,https://sfira.org/tombstone/view?id=3813
RSK 556a,https://sfira.org/tombstone/view?id=3818
RSK 558,https://sfira.org/tombstone/view?id=3820
RSK 562,https://sfira.org/tombstone/view?id=3825
RSK 568,https://sfira.org/tombstone/view?id=3831
RSK 569,https://sfira.org/tombstone/view?id=3832
RSK 575,https://sfira.org/tombstone/view?id=3839
RSK 580a,https://sfira.org/tombstone/view?id=3846
RSK 581,https://sfira.org/tombstone/view?id=3847
RSK 582,https://sfira.org/tombstone/view?id=3848
RSK 593,https://sfira.org/tombstone/view?id=3859
RSK 597,https://sfira.org/tombstone/view?id=3863
RSK 598,https://sfira.org/tombstone/view?id=3864
RSK 600,https://sfira.org/tombstone/view?id=3866
RSK 603,https://sfira.org/tombstone/view?id=3869
RSK 604,https://sfira.org/tombstone/view?id=3870
RSK 606,https://sfira.org/tombstone/view?id=3873
RSK 611,https://sfira.org/tombstone/view?id=3878
RSK 615,https://sfira.org/tombstone/view?id=3882
RSK 624,https://sfira.org/tombstone/view?id=3891
RSK 632,https://sfira.org/tombstone/view?id=3900
RSK 655a,https://sfira.org/tombstone/view?id=3925
RSK 656,https://sfira.org/tombstone/view?id=3926
RSK 658,https://sfira.org/tombstone/view?id=3928
RSK 659,https://sfira.org/tombstone/view?id=3929
RSK 660,https://sfira.org/tombstone/view?id=3930
RSK 661,https://sfira.org/tombstone/view?id=3931
RSK 662,https://sfira.org/tombstone/view?id=3932
RSK 663,https://sfira.org/tombstone/view?id=3933
RSK 664,https://sfira.org/tombstone/view?id=3934
RSK 665,https://sfira.org/tombstone/view?id=3935
RSK 666,https://sfira.org/tombstone/view?id=3936
RSK 667,https://sfira.org/tombstone/view?id=3937
RSK 668,https://sfira.org/tombstone/view?id=3938
RSK 668a,https://sfira.org/tombstone/view?id=3939
RSK 669,https://sfira.org/tombstone/view?id=3940
RSK 669a,https://sfira.org/tombstone/view?id=3941
RSK 670,https://sfira.org/tombstone/view?id=3942
RSK 671,https://sfira.org/tombstone/view?id=3943
RSK 672,https://sfira.org/tombstone/view?id=3944
RSK 673,https://sfira.org/tombstone/view?id=3945
RSK 674,https://sfira.org/tombstone/view?id=3946
RSK 675,https://sfira.org/tombstone/view?id=3947
RSK 676,https://sfira.org/tombstone/view?id=3948
RSK 682,https://sfira.org/tombstone/view?id=3954
RSK 685,https://sfira.org/tombstone/view?id=3957
RSK 695,https://sfira.org/tombstone/view?id=3967
RSK 701,https://sfira.org/tombstone/view?id=3974
RSK 702,https://sfira.org/tombstone/view?id=3975
RSK 702a,https://sfira.org/tombstone/view?id=3976
RSK 704,https://sfira.org/tombstone/view?id=3978
RSK 705,https://sfira.org/tombstone/view?id=3979
RSK 706,https://sfira.org/tombstone/view?id=3980
RSK 708,https://sfira.org/tombstone/view?id=3982
RSK 709,https://sfira.org/tombstone/view?id=3983
RSK 710,https://sfira.org/tombstone/view?id=3984
RSK 711,https://sfira.org/tombstone/view?id=3985
RSK 712,https://sfira.org/tombstone/view?id=3986
RSK 713,https://sfira.org/tombstone/view?id=3987
RSK 714,https://sfira.org/tombstone/view?id=3988
RSK 715,https://sfira.org/tombstone/view?id=3989
RSK 716,https://sfira.org/tombstone/view?id=3990
RSK 717,https://sfira.org/tombstone/view?id=3991
RSK 718,https://sfira.org/tombstone/view?id=3992
RSK 718a,https://sfira.org/tombstone/view?id=3993
RSK 719,https://sfira.org/tombstone/view?id=3994
RSK 720,https://sfira.org/tombstone/view?id=3995
RSK 721,https://sfira.org/tombstone/view?id=3996
RSK 727,https://sfira.org/tombstone/view?id=4002
RSK 728,https://sfira.org/tombstone/view?id=4003
RSK 729,https://sfira.org/tombstone/view?id=4004
RSK 730,https://sfira.org/tombstone/view?id=4005
RSK 731,https://sfira.org/tombstone/view?id=4006
RSK 733,https://sfira.org/tombstone/view?id=4008
RSK 735,https://sfira.org/tombstone/view?id=4010
RSK 736,https://sfira.org/tombstone/view?id=4011
RSK 737,https://sfira.org/tombstone/view?id=4012
RSK 738,https://sfira.org/tombstone/view?id=4013
RSK 742,https://sfira.org/tombstone/view?id=4017
RSK 743,https://sfira.org/tombstone/view?id=4018
RSK 743a,https://sfira.org/tombstone/view?id=4019
RSK 745,https://sfira.org/tombstone/view?id=4021
RSK 748,https://sfira.org/tombstone/view?id=4024
RSK 749,https://sfira.org/tombstone/view?id=4025
RSK 750,https://sfira.org/tombstone/view?id=4026
RSK 751,https://sfira.org/tombstone/view?id=4027
RSK 754,https://sfira.org/tombstone/view?id=4030
RSK 755,https://sfira.org/tombstone/view?id=4031
RSK 756,https://sfira.org/tombstone/view?id=4032
RSK 757,https://sfira.org/tombstone/view?id=4033
RSK 758,https://sfira.org/tombstone/view?id=4034
RSK 760,https://sfira.org/tombstone/view?id=4036
RSK 763,https://sfira.org/tombstone/view?id=4039
RSK 764,https://sfira.org/tombstone/view?id=4040
RSK 768,https://sfira.org/tombstone/view?id=4044
RSK 776,https://sfira.org/tombstone/view?id=4051
RSK 777,https://sfira.org/tombstone/view?id=4052
RSK 778,https://sfira.org/tombstone/view?id=4053
RSK 782,https://sfira.org/tombstone/view?id=4057
RSK 784,https://sfira.org/tombstone/view?id=4059
RSK 793,https://sfira.org/tombstone/view?id=4068
RSK 795,https://sfira.org/tombstone/view?id=4070
RSK 799,https://sfira.org/tombstone/view?id=4074
RSK 803,https://sfira.org/tombstone/view?id=4078
RSK 810,https://sfira.org/tombstone/view?id=4085
RSK 811a,https://sfira.org/tombstone/view?id=4087
RSK 833a,https://sfira.org/tombstone/view?id=4111
RSK 834,https://sfira.org/tombstone/view?id=4112
RSK 841,https://sfira.org/tombstone/view?id=4118
RSK 842,https://sfira.org/tombstone/view?id=4119
RSK 843,https://sfira.org/tombstone/view?id=4120
RSK 844,https://sfira.org/tombstone/view?id=4121
RSK 847,https://sfira.org/tombstone/view?id=4124
RSK 849,https://sfira.org/tombstone/view?id=4126
RSK 850,https://sfira.org/tombstone/view?id=4127
RSK 851,https://sfira.org/tombstone/view?id=4128
RSK 864,https://sfira.org/tombstone/view?id=4141
RSK 865,https://sfira.org/tombstone/view?id=4142
RSK 866,https://sfira.org/tombstone/view?id=4143
RSK 867,https://sfira.org/tombstone/view?id=4144
RSK 869,https://sfira.org/tombstone/view?id=4146
RSK 870,https://sfira.org/tombstone/view?id=4147
RSK 871,https://sfira.org/tombstone/view?id=4148
RSK 872,https://sfira.org/tombstone/view?id=4149
RSK 873,https://sfira.org/tombstone/view?id=4150
RSK 878,https://sfira.org/tombstone/view?id=4155
RSK 879,https://sfira.org/tombstone/view?id=4156
RSK 882,https://sfira.org/tombstone/view?id=4158
RSK 884,https://sfira.org/tombstone/view?id=4160
RSK 888,https://sfira.org/tombstone/view?id=4165
RSK 889,https://sfira.org/tombstone/view?id=4166
RSK 890,https://sfira.org/tombstone/view?id=4167
RSK 891,https://sfira.org/tombstone/view?id=4168
RSK 892,https://sfira.org/tombstone/view?id=4169
RSK 895a,https://sfira.org/tombstone/view?id=4173
RSK 897,https://sfira.org/tombstone/view?id=4175
RSK 1001,https://sfira.org/tombstone/view?id=4182
RSK 1002,https://sfira.org/tombstone/view?id=4183
RSK 1003,https://sfira.org/tombstone/view?id=4184
RSK 1004,https://sfira.org/tombstone/view?id=4185
RSK 1007,https://sfira.org/tombstone/view?id=4189
RSK 1010,https://sfira.org/tombstone/view?id=4192
RSK 1012,https://sfira.org/tombstone/view?id=4194
RSK 1013,https://sfira.org/tombstone/view?id=4195
RSK 1014,https://sfira.org/tombstone/view?id=4196
RSK 1015,https://sfira.org/tombstone/view?id=4197
RSK 1016,https://sfira.org/tombstone/view?id=4198
RSK 1019,https://sfira.org/tombstone/view?id=4201
RSK 1020,https://sfira.org/tombstone/view?id=4202
RSK 1021,https://sfira.org/tombstone/view?id=4203
RSK 1022,https://sfira.org/tombstone/view?id=4204
BSH 83,https://sfira.org/tombstone/view?id=4293
BSH 8,https://sfira.org/tombstone/view?id=4212
BSH 17,https://sfira.org/tombstone/view?id=4222
BSH 40,https://sfira.org/tombstone/view?id=4247
BSH 41,https://sfira.org/tombstone/view?id=4248
BSH 66a,https://sfira.org/tombstone/view?id=4274
BSH 78A,https://sfira.org/tombstone/view?id=4287
BSH 78Б,https://sfira.org/tombstone/view?id=4288
BSH 79,https://sfira.org/tombstone/view?id=4289
BSH 106a,https://sfira.org/tombstone/view?id=4317
BSH 124a,https://sfira.org/tombstone/view?id=4336
BSH 128,https://sfira.org/tombstone/view?id=4340
BSH 154a,https://sfira.org/tombstone/view?id=4367
BSH 198a,https://sfira.org/tombstone/view?id=4413
BSH 202а,https://sfira.org/tombstone/view?id=4418
BSH 204,https://sfira.org/tombstone/view?id=4420
BSH 214,https://sfira.org/tombstone/view?id=4430
BSH 219,https://sfira.org/tombstone/view?id=4435
BSH 235a,https://sfira.org/tombstone/view?id=4453
BSH 240a,https://sfira.org/tombstone/view?id=4459
BSH 262,https://sfira.org/tombstone/view?id=4481
BSH 343a,https://sfira.org/tombstone/view?id=4563
BSH 362,https://sfira.org/tombstone/view?id=4582
BSH 416a,https://sfira.org/tombstone/view?id=4639
BSH 431,https://sfira.org/tombstone/view?id=4654
BSH 435,https://sfira.org/tombstone/view?id=4658
BSH 436,https://sfira.org/tombstone/view?id=4659
BSH 440a,https://sfira.org/tombstone/view?id=4665
BSH 479,https://sfira.org/tombstone/view?id=4704
BSH 518,https://sfira.org/tombstone/view?id=4743
BSH 533,https://sfira.org/tombstone/view?id=4758
BSH 595,https://sfira.org/tombstone/view?id=4820
BSH 626,https://sfira.org/tombstone/view?id=4851
BSH 639,https://sfira.org/tombstone/view?id=4864
BSH 772,https://sfira.org/tombstone/view?id=4997
BSH 799,https://sfira.org/tombstone/view?id=5024
BSH 897,https://sfira.org/tombstone/view?id=5123
BSH 974,https://sfira.org/tombstone/view?id=5200
BSH 1034,https://sfira.org/tombstone/view?id=5261
BSH 1035,https://sfira.org/tombstone/view?id=5262
BSH 1041a,https://sfira.org/tombstone/view?id=5269
BSH 1046,https://sfira.org/tombstone/view?id=5274
BSH 1047,https://sfira.org/tombstone/view?id=5275
BSH 1052,https://sfira.org/tombstone/view?id=5280
BSH 1059,https://sfira.org/tombstone/view?id=5287
BSH 2002,https://sfira.org/tombstone/view?id=5329
BSH 2009a,https://sfira.org/tombstone/view?id=5339
BSH 2020,https://sfira.org/tombstone/view?id=5350
BSH 2022a,https://sfira.org/tombstone/view?id=5353
BSH 2030,https://sfira.org/tombstone/view?id=5362
BSH 3020,https://sfira.org/tombstone/view?id=5383
BSH 3029,https://sfira.org/tombstone/view?id=5392
RSK 208,https://sfira.org/tombstone/view?id=3455
RSK 261,https://sfira.org/tombstone/view?id=3512
RSK 535,https://sfira.org/tombstone/view?id=3794
BSH 445,https://sfira.org/tombstone/view?id=4670
BSH 453,https://sfira.org/tombstone/view?id=4678
BSH 567,https://sfira.org/tombstone/view?id=4792
BSH 690,https://sfira.org/tombstone/view?id=4915
BSH 1072,https://sfira.org/tombstone/view?id=5303
BSH 472,https://sfira.org/tombstone/view?id=4697
BSH 770,https://sfira.org/tombstone/view?id=4995
BSH 1002,https://sfira.org/tombstone/view?id=5229
BSH 296,https://sfira.org/tombstone/view?id=4515
RSK 741,https://sfira.org/tombstone/view?id=4016
RSK 783,https://sfira.org/tombstone/view?id=4058
RSK 900,https://sfira.org/tombstone/view?id=4178
BSH 665,https://sfira.org/tombstone/view?id=4890
BSH 1051,https://sfira.org/tombstone/view?id=5279
RSK 216,https://sfira.org/tombstone/view?id=3463
RSK 495,https://sfira.org/tombstone/view?id=3752
BSH 221,https://sfira.org/tombstone/view?id=4437
BSH 302,https://sfira.org/tombstone/view?id=4521
BSH 605,https://sfira.org/tombstone/view?id=4830
BSH 604,https://sfira.org/tombstone/view?id=4829
RSK 384,https://sfira.org/tombstone/view?id=3640
BSH 1083,https://sfira.org/tombstone/view?id=5316
RSK 290,https://sfira.org/tombstone/view?id=3544
BSH 901,https://sfira.org/tombstone/view?id=5127
RSK 129,https://sfira.org/tombstone/view?id=3373
RSK 58,https://sfira.org/tombstone/view?id=3298
RSK 102,https://sfira.org/tombstone/view?id=3344
BSH 488,https://sfira.org/tombstone/view?id=4713
BSH 950,https://sfira.org/tombstone/view?id=5176
BSH 3027,https://sfira.org/tombstone/view?id=5390
RSK 193,https://sfira.org/tombstone/view?id=3440
BSH 727,https://sfira.org/tombstone/view?id=4952
RSK 28,https://sfira.org/tombstone/view?id=3269
RSK 800,https://sfira.org/tombstone/view?id=4075
BSH 138,https://sfira.org/tombstone/view?id=4350
BSH 337,https://sfira.org/tombstone/view?id=4556
BSH 937,https://sfira.org/tombstone/view?id=5163
BSH 425,https://sfira.org/tombstone/view?id=4648
BSH 159a,https://sfira.org/tombstone/view?id=4373
BSH 264,https://sfira.org/tombstone/view?id=4483
BSH 715,https://sfira.org/tombstone/view?id=4940
BSH 871,https://sfira.org/tombstone/view?id=5096
RSK 858,https://sfira.org/tombstone/view?id=4135
BSH 460,https://sfira.org/tombstone/view?id=4685
BSH 954,https://sfira.org/tombstone/view?id=5180
RSK 362,https://sfira.org/tombstone/view?id=3617
RSK 266a,https://sfira.org/tombstone/view?id=3518
BSH 2004,https://sfira.org/tombstone/view?id=5332
RSK 135,https://sfira.org/tombstone/view?id=3379
RSK 15,https://sfira.org/tombstone/view?id=3256
BSH 611,https://sfira.org/tombstone/view?id=4836
BSH 1042,https://sfira.org/tombstone/view?id=5270
BSH 607,https://sfira.org/tombstone/view?id=4832
BSH 235,https://sfira.org/tombstone/view?id=4452
BSH 389,https://sfira.org/tombstone/view?id=4611
RSK 47,https://sfira.org/tombstone/view?id=3287
RSK 56,https://sfira.org/tombstone/view?id=3296
RSK 166,https://sfira.org/tombstone/view?id=3412
RSK 167,https://sfira.org/tombstone/view?id=3413
RSK 335,https://sfira.org/tombstone/view?id=3589
RSK 368,https://sfira.org/tombstone/view?id=3623
RSK 437,https://sfira.org/tombstone/view?id=3693
RSK 443,https://sfira.org/tombstone/view?id=3699
RSK 465,https://sfira.org/tombstone/view?id=3722
RSK 517,https://sfira.org/tombstone/view?id=3775
RSK 527,https://sfira.org/tombstone/view?id=3785
RSK 556,https://sfira.org/tombstone/view?id=3817
RSK 587,https://sfira.org/tombstone/view?id=3853
RSK 616,https://sfira.org/tombstone/view?id=3883
RSK 633,https://sfira.org/tombstone/view?id=3902
RSK 678,https://sfira.org/tombstone/view?id=3950
RSK 837,https://sfira.org/tombstone/view?id=4115
BSH 112,https://sfira.org/tombstone/view?id=4323
BSH 211,https://sfira.org/tombstone/view?id=4427
BSH 278,https://sfira.org/tombstone/view?id=4497
BSH 364,https://sfira.org/tombstone/view?id=4585
BSH 443,https://sfira.org/tombstone/view?id=4668
BSH 543,https://sfira.org/tombstone/view?id=4768
BSH 556,https://sfira.org/tombstone/view?id=4781
BSH 561,https://sfira.org/tombstone/view?id=4786
BSH 676,https://sfira.org/tombstone/view?id=4901
BSH 743,https://sfira.org/tombstone/view?id=4968
BSH 757,https://sfira.org/tombstone/view?id=4982
BSH 836,https://sfira.org/tombstone/view?id=5061
BSH 837,https://sfira.org/tombstone/view?id=5062
BSH 843,https://sfira.org/tombstone/view?id=5068
BSH 911,https://sfira.org/tombstone/view?id=5137
BSH 912,https://sfira.org/tombstone/view?id=5138
BSH 948,https://sfira.org/tombstone/view?id=5174
BSH 953,https://sfira.org/tombstone/view?id=5179
BSH 958,https://sfira.org/tombstone/view?id=5184
BSH 959,https://sfira.org/tombstone/view?id=5185
BSH 964,https://sfira.org/tombstone/view?id=5190
BSH 967,https://sfira.org/tombstone/view?id=5193
BSH 1031,https://sfira.org/tombstone/view?id=5258
BSH 544,https://sfira.org/tombstone/view?id=4769
BSH 106,https://sfira.org/tombstone/view?id=4316
BSH 539,https://sfira.org/tombstone/view?id=4764
RSK 854,https://sfira.org/tombstone/view?id=4131
RSK 32,https://sfira.org/tombstone/view?id=3273
RSK 97,https://sfira.org/tombstone/view?id=3339
RSK 271,https://sfira.org/tombstone/view?id=3523
RSK 619,https://sfira.org/tombstone/view?id=3886
RSK 684,https://sfira.org/tombstone/view?id=3956
RSK 1011,https://sfira.org/tombstone/view?id=4193
RSK 371,https://sfira.org/tombstone/view?id=3626
RSK 555,https://sfira.org/tombstone/view?id=3816
BSH 963,https://sfira.org/tombstone/view?id=5189
BSH 3007,https://sfira.org/tombstone/view?id=5370
RSK 440,https://sfira.org/tombstone/view?id=3696
BSH 725,https://sfira.org/tombstone/view?id=4950
RSK 635,https://sfira.org/tombstone/view?id=3904
BSH 105,https://sfira.org/tombstone/view?id=4315
BSH 617,https://sfira.org/tombstone/view?id=4842
BSH 3010,https://sfira.org/tombstone/view?id=5373
RSK 273,https://sfira.org/tombstone/view?id=3525
RSK 429,https://sfira.org/tombstone/view?id=3684
RSK 496,https://sfira.org/tombstone/view?id=3753
BSH 229,https://sfira.org/tombstone/view?id=4445
BSH 449,https://sfira.org/tombstone/view?id=4674
BSH 854,https://sfira.org/tombstone/view?id=5079
RSK 86,https://sfira.org/tombstone/view?id=3328
RSK 103,https://sfira.org/tombstone/view?id=3345
RSK 419,https://sfira.org/tombstone/view?id=3674
RSK 459,https://sfira.org/tombstone/view?id=3716
RSK 513,https://sfira.org/tombstone/view?id=3770
RSK 594,https://sfira.org/tombstone/view?id=3860
RSK 642,https://sfira.org/tombstone/view?id=3911
RSK 679,https://sfira.org/tombstone/view?id=3951
RSK 697,https://sfira.org/tombstone/view?id=3970
RSK 770,https://sfira.org/tombstone/view?id=4046
RSK 814,https://sfira.org/tombstone/view?id=4090
RSK 828,https://sfira.org/tombstone/view?id=4104
BSH 230,https://sfira.org/tombstone/view?id=4446
BSH 267,https://sfira.org/tombstone/view?id=4486
BSH 476,https://sfira.org/tombstone/view?id=4701
BSH 503,https://sfira.org/tombstone/view?id=4728
BSH 621,https://sfira.org/tombstone/view?id=4846
BSH 744,https://sfira.org/tombstone/view?id=4969
BSH 791,https://sfira.org/tombstone/view?id=5016
BSH 802,https://sfira.org/tombstone/view?id=5027
BSH 926,https://sfira.org/tombstone/view?id=5152
BSH 1028,https://sfira.org/tombstone/view?id=5255
BSH 1057,https://sfira.org/tombstone/view?id=5285
BSH 1069,https://sfira.org/tombstone/view?id=5298
BSH 1093,https://sfira.org/tombstone/view?id=5326
BSH 481,https://sfira.org/tombstone/view?id=4706
BSH 3006,https://sfira.org/tombstone/view?id=5369
BSH 507,https://sfira.org/tombstone/view?id=4732
RSK 862,https://sfira.org/tombstone/view?id=4139
BSH 355,https://sfira.org/tombstone/view?id=4575
BSH 529,https://sfira.org/tombstone/view?id=4754
RSK 57,https://sfira.org/tombstone/view?id=3297
BSH 2001,https://sfira.org/tombstone/view?id=5327
BSH 12,https://sfira.org/tombstone/view?id=4217
BSH 768,https://sfira.org/tombstone/view?id=4993
BSH 886,https://sfira.org/tombstone/view?id=5111
BSH 927,https://sfira.org/tombstone/view?id=5153
BSH 946,https://sfira.org/tombstone/view?id=5172
BSH 424,https://sfira.org/tombstone/view?id=4647
BSH 569,https://sfira.org/tombstone/view?id=4794
BSH 120,https://sfira.org/tombstone/view?id=4331
BSH 723,https://sfira.org/tombstone/view?id=4948
BSH 600,https://sfira.org/tombstone/view?id=4825
RSK 416,https://sfira.org/tombstone/view?id=3671
RSK 536,https://sfira.org/tombstone/view?id=3795
BSH 76,https://sfira.org/tombstone/view?id=4284
BSH 190,https://sfira.org/tombstone/view?id=4404
BSH 373,https://sfira.org/tombstone/view?id=4595
BSH 722,https://sfira.org/tombstone/view?id=4947
RSK 610,https://sfira.org/tombstone/view?id=3877
RSK 25,https://sfira.org/tombstone/view?id=3266
RSK 113,https://sfira.org/tombstone/view?id=3355
RSK 207,https://sfira.org/tombstone/view?id=3454
RSK 246,https://sfira.org/tombstone/view?id=3496
RSK 372,https://sfira.org/tombstone/view?id=3627
RSK 490,https://sfira.org/tombstone/view?id=3747
RSK 532,https://sfira.org/tombstone/view?id=3791
RSK 566,https://sfira.org/tombstone/view?id=3829
RSK 567,https://sfira.org/tombstone/view?id=3830
RSK 618,https://sfira.org/tombstone/view?id=3885
RSK 628,https://sfira.org/tombstone/view?id=3896
RSK 655,https://sfira.org/tombstone/view?id=3924
RSK 686,https://sfira.org/tombstone/view?id=3958
RSK 699,https://sfira.org/tombstone/view?id=3972
RSK 796,https://sfira.org/tombstone/view?id=4071
RSK 831,https://sfira.org/tombstone/view?id=4108
RSK 840,https://sfira.org/tombstone/view?id=4117
RSK 848,https://sfira.org/tombstone/view?id=4125
BSH 24,https://sfira.org/tombstone/view?id=4230
BSH 152,https://sfira.org/tombstone/view?id=4364
BSH 172,https://sfira.org/tombstone/view?id=4386
BSH 201,https://sfira.org/tombstone/view?id=4416
BSH 232a,https://sfira.org/tombstone/view?id=4449
BSH 240,https://sfira.org/tombstone/view?id=4458
BSH 286,https://sfira.org/tombstone/view?id=4505
BSH 316,https://sfira.org/tombstone/view?id=4535
BSH 375,https://sfira.org/tombstone/view?id=4597
BSH 377,https://sfira.org/tombstone/view?id=4599
BSH 470,https://sfira.org/tombstone/view?id=4695
BSH 486,https://sfira.org/tombstone/view?id=4711
BSH 496,https://sfira.org/tombstone/view?id=4721
BSH 499,https://sfira.org/tombstone/view?id=4724
BSH 563,https://sfira.org/tombstone/view?id=4788
BSH 756,https://sfira.org/tombstone/view?id=4981
BSH 780,https://sfira.org/tombstone/view?id=5005
BSH 797,https://sfira.org/tombstone/view?id=5022
BSH 845,https://sfira.org/tombstone/view?id=5070
BSH 923,https://sfira.org/tombstone/view?id=5149
BSH 947,https://sfira.org/tombstone/view?id=5173
BSH 1058,https://sfira.org/tombstone/view?id=5286
BSH 3013,https://sfira.org/tombstone/view?id=5376
BSH 3019,https://sfira.org/tombstone/view?id=5382
BSH 305,https://sfira.org/tombstone/view?id=4524
BSH 904,https://sfira.org/tombstone/view?id=5130
BSH 447,https://sfira.org/tombstone/view?id=4672
LDZ 3004,https://sfira.org/tombstone/view?id=285
RSK 446,https://sfira.org/tombstone/view?id=3702
BSH 839,https://sfira.org/tombstone/view?id=5064
BSH 3003,https://sfira.org/tombstone/view?id=5366
BSH 855,https://sfira.org/tombstone/view?id=5080
BSH 65,https://sfira.org/tombstone/view?id=4272
BSH 107,https://sfira.org/tombstone/view?id=4318
BSH 236,https://sfira.org/tombstone/view?id=4454
BSH 381,https://sfira.org/tombstone/view?id=4603
BSH 1045,https://sfira.org/tombstone/view?id=5273
BSH 840,https://sfira.org/tombstone/view?id=5065
BSH 60,https://sfira.org/tombstone/view?id=4267
BSH 61,https://sfira.org/tombstone/view?id=4268
BSH 85,https://sfira.org/tombstone/view?id=4295
BSH 548,https://sfira.org/tombstone/view?id=4773
BSH 552,https://sfira.org/tombstone/view?id=4777
BSH 712,https://sfira.org/tombstone/view?id=4937
BSH 724,https://sfira.org/tombstone/view?id=4949
BSH 140,https://sfira.org/tombstone/view?id=4352
BSH 291,https://sfira.org/tombstone/view?id=4510
BSH 331,https://sfira.org/tombstone/view?id=4550
BSH 391,https://sfira.org/tombstone/view?id=4613
BSH 108,https://sfira.org/tombstone/view?id=4319
BSH 969,https://sfira.org/tombstone/view?id=5195
RSK 105,https://sfira.org/tombstone/view?id=3347
RSK 122,https://sfira.org/tombstone/view?id=3365
BSH 485,https://sfira.org/tombstone/view?id=4710
BSH 735,https://sfira.org/tombstone/view?id=4960
BSH 833,https://sfira.org/tombstone/view?id=5058
RSK 51,https://sfira.org/tombstone/view?id=3291
RSK 475,https://sfira.org/tombstone/view?id=3732
RSK 651,https://sfira.org/tombstone/view?id=3921
RSK 283,https://sfira.org/tombstone/view?id=3536
RSK 336,https://sfira.org/tombstone/view?id=3590
RSK 370,https://sfira.org/tombstone/view?id=3625
RSK 42,https://sfira.org/tombstone/view?id=3282
RSK 53,https://sfira.org/tombstone/view?id=3293
RSK 210,https://sfira.org/tombstone/view?id=3457
RSK 788,https://sfira.org/tombstone/view?id=4063
BSH 3014,https://sfira.org/tombstone/view?id=5377
BSH 3012,https://sfira.org/tombstone/view?id=5375
BSH 726,https://sfira.org/tombstone/view?id=4951
BSH 277,https://sfira.org/tombstone/view?id=4496
BSH 393,https://sfira.org/tombstone/view?id=4615
BSH 468,https://sfira.org/tombstone/view?id=4693
BSH 701,https://sfira.org/tombstone/view?id=4926
BSH 612,https://sfira.org/tombstone/view?id=4837
RSK 852,https://sfira.org/tombstone/view?id=4129
BSH 88,https://sfira.org/tombstone/view?id=4298
RSK 59,https://sfira.org/tombstone/view?id=3299
BSH 338,https://sfira.org/tombstone/view?id=4557
BSH 339,https://sfira.org/tombstone/view?id=4558
RSK 421,https://sfira.org/tombstone/view?id=3676
BSH 222,https://sfira.org/tombstone/view?id=4438
RSK 21,https://sfira.org/tombstone/view?id=3262
RSK 4,https://sfira.org/tombstone/view?id=3242
RSK 55,https://sfira.org/tombstone/view?id=3295
RSK 275,https://sfira.org/tombstone/view?id=3527
RSK 278,https://sfira.org/tombstone/view?id=3531
RSK 369,https://sfira.org/tombstone/view?id=3624
RSK 380,https://sfira.org/tombstone/view?id=3636
RSK 436,https://sfira.org/tombstone/view?id=3692
RSK 438,https://sfira.org/tombstone/view?id=3694
RSK 573,https://sfira.org/tombstone/view?id=3837
RSK 599,https://sfira.org/tombstone/view?id=3865
RSK 626,https://sfira.org/tombstone/view?id=3893
RSK 677,https://sfira.org/tombstone/view?id=3949
RSK 691,https://sfira.org/tombstone/view?id=3963
RSK 740,https://sfira.org/tombstone/view?id=4015
RSK 836,https://sfira.org/tombstone/view?id=4114
BSH 238,https://sfira.org/tombstone/view?id=4456
BSH 454,https://sfira.org/tombstone/view?id=4679
BSH 716,https://sfira.org/tombstone/view?id=4941
BSH 806,https://sfira.org/tombstone/view?id=5031
BSH 900,https://sfira.org/tombstone/view?id=5126
BSH 1017,https://sfira.org/tombstone/view?id=5244
BSH 1066,https://sfira.org/tombstone/view?id=5294
BSH 347,https://sfira.org/tombstone/view?id=4567
BSH 390,https://sfira.org/tombstone/view?id=4612
BSH 2021,https://sfira.org/tombstone/view?id=5351
BSH 403,https://sfira.org/tombstone/view?id=4625
RSK 811,https://sfira.org/tombstone/view?id=4086
BSH 590,https://sfira.org/tombstone/view?id=4815
BSH 660,https://sfira.org/tombstone/view?id=4885
RSK 859,https://sfira.org/tombstone/view?id=4136
BSH 111,https://sfira.org/tombstone/view?id=4322
BSH 173,https://sfira.org/tombstone/view?id=4387
RSK 722,https://sfira.org/tombstone/view?id=3997
RSK 448,https://sfira.org/tombstone/view?id=3704
RSK 815,https://sfira.org/tombstone/view?id=4091
RSK 703,https://sfira.org/tombstone/view?id=3977
BSH 838,https://sfira.org/tombstone/view?id=5063
BSH 1068,https://sfira.org/tombstone/view?id=5296
RSK 576,https://sfira.org/tombstone/view?id=3840
RSK 61,https://sfira.org/tombstone/view?id=3301
RSK 432,https://sfira.org/tombstone/view?id=3687
RSK 523,https://sfira.org/tombstone/view?id=3781
RSK 554,https://sfira.org/tombstone/view?id=3815
RSK 690,https://sfira.org/tombstone/view?id=3962
RSK 773,https://sfira.org/tombstone/view?id=4049
BSH 301,https://sfira.org/tombstone/view?id=4520
BSH 644,https://sfira.org/tombstone/view?id=4869
BSH 702,https://sfira.org/tombstone/view?id=4927
BSH 1076,https://sfira.org/tombstone/view?id=5308
RSK 178,https://sfira.org/tombstone/view?id=3424
BSH 2023,https://sfira.org/tombstone/view?id=5354
BSH 822,https://sfira.org/tombstone/view?id=5047
RSK 337,https://sfira.org/tombstone/view?id=3591
RSK 565,https://sfira.org/tombstone/view?id=3828
RSK 244,https://sfira.org/tombstone/view?id=3494
RSK 692,https://sfira.org/tombstone/view?id=3964
RSK 832,https://sfira.org/tombstone/view?id=4109
BSH 178,https://sfira.org/tombstone/view?id=4392
BSH 203,https://sfira.org/tombstone/view?id=4419
BSH 673,https://sfira.org/tombstone/view?id=4898
BSH 896,https://sfira.org/tombstone/view?id=5122
BSH 384,https://sfira.org/tombstone/view?id=4606
BSH 510,https://sfira.org/tombstone/view?id=4735
BSH 769,https://sfira.org/tombstone/view?id=4994
LDZ 3012,https://sfira.org/tombstone/view?id=293
BSH 274,https://sfira.org/tombstone/view?id=4493
RSK 787,https://sfira.org/tombstone/view?id=4062
BSH 698,https://sfira.org/tombstone/view?id=4923
BSH 949,https://sfira.org/tombstone/view?id=5175
BSH 587,https://sfira.org/tombstone/view?id=4812
BSH 410,https://sfira.org/tombstone/view?id=4632
BSH 694,https://sfira.org/tombstone/view?id=4919
BSH 695,https://sfira.org/tombstone/view?id=4920
LDZ 3013,https://sfira.org/tombstone/view?id=294
BSH 177,https://sfira.org/tombstone/view?id=4391
RSK 134,https://sfira.org/tombstone/view?id=3378
RSK 250,https://sfira.org/tombstone/view?id=3500
RSK 423,https://sfira.org/tombstone/view?id=3678
RSK 478,https://sfira.org/tombstone/view?id=3735
RSK 8,https://sfira.org/tombstone/view?id=3246
RSK 89,https://sfira.org/tombstone/view?id=3331
RSK 152,https://sfira.org/tombstone/view?id=3398
RSK 286,https://sfira.org/tombstone/view?id=3540
RSK 359,https://sfira.org/tombstone/view?id=3614
RSK 561,https://sfira.org/tombstone/view?id=3823
RSK 752,https://sfira.org/tombstone/view?id=4028
RSK 753,https://sfira.org/tombstone/view?id=4029
BSH 200,https://sfira.org/tombstone/view?id=4415
BSH 684,https://sfira.org/tombstone/view?id=4909
BSH 717,https://sfira.org/tombstone/view?id=4942
BSH 814,https://sfira.org/tombstone/view?id=5039
BSH 916,https://sfira.org/tombstone/view?id=5142
BSH 989,https://sfira.org/tombstone/view?id=5215
BSH 1,https://sfira.org/tombstone/view?id=4205
LDZ 3032,https://sfira.org/tombstone/view?id=313
RSK 427,https://sfira.org/tombstone/view?id=3682
RSK 339,https://sfira.org/tombstone/view?id=3593
RSK 382,https://sfira.org/tombstone/view?id=3638
BSH 343,https://sfira.org/tombstone/view?id=4562
BSH 1001,https://sfira.org/tombstone/view?id=5228
RSK 903,https://sfira.org/tombstone/view?id=4181
BSH 231,https://sfira.org/tombstone/view?id=4447
BSH 522,https://sfira.org/tombstone/view?id=4747
BSH 517,https://sfira.org/tombstone/view?id=4742
BSH 907,https://sfira.org/tombstone/view?id=5133
BSH 73,https://sfira.org/tombstone/view?id=4281
LDZ 3021,https://sfira.org/tombstone/view?id=302
BSH 1077a,https://sfira.org/tombstone/view?id=5310
BSH 92,https://sfira.org/tombstone/view?id=4302
BSH 182,https://sfira.org/tombstone/view?id=4396
BSH 307,https://sfira.org/tombstone/view?id=4526
BSH 751,https://sfira.org/tombstone/view?id=4976
RSK 243,https://sfira.org/tombstone/view?id=3492
BSH 785,https://sfira.org/tombstone/view?id=5010
BSH 818,https://sfira.org/tombstone/view?id=5043
BSH 910,https://sfira.org/tombstone/view?id=5136
BSH 1004,https://sfira.org/tombstone/view?id=5231
BSH 640,https://sfira.org/tombstone/view?id=4865
BSH 966,https://sfira.org/tombstone/view?id=5192
RSK 138,https://sfira.org/tombstone/view?id=3382
RSK 171,https://sfira.org/tombstone/view?id=3417
RSK 328,https://sfira.org/tombstone/view?id=3582
RSK 430,https://sfira.org/tombstone/view?id=3685
RSK 435,https://sfira.org/tombstone/view?id=3690
RSK 447,https://sfira.org/tombstone/view?id=3703
RSK 563,https://sfira.org/tombstone/view?id=3826
RSK 577,https://sfira.org/tombstone/view?id=3841
RSK 602,https://sfira.org/tombstone/view?id=3868
RSK 863,https://sfira.org/tombstone/view?id=4140
BSH 323,https://sfira.org/tombstone/view?id=4542
BSH 421,https://sfira.org/tombstone/view?id=4644
BSH 594,https://sfira.org/tombstone/view?id=4819
BSH 794,https://sfira.org/tombstone/view?id=5019
BSH 921,https://sfira.org/tombstone/view?id=5147
BSH 986,https://sfira.org/tombstone/view?id=5212
BSH 1020,https://sfira.org/tombstone/view?id=5247
BSH 1071,https://sfira.org/tombstone/view?id=5301
BSH 478,https://sfira.org/tombstone/view?id=4703
BSH 292,https://sfira.org/tombstone/view?id=4511
BSH 350,https://sfira.org/tombstone/view?id=4570
BSH 560,https://sfira.org/tombstone/view?id=4785
BSH 334,https://sfira.org/tombstone/view?id=4553
RSK 392,https://sfira.org/tombstone/view?id=3647
BSH 351,https://sfira.org/tombstone/view?id=4571
BSH 197,https://sfira.org/tombstone/view?id=4411
RSK 149,https://sfira.org/tombstone/view?id=3395
RSK 194,https://sfira.org/tombstone/view?id=3441
RSK 265,https://sfira.org/tombstone/view?id=3516
RSK 281,https://sfira.org/tombstone/view?id=3534
BSH 858,https://sfira.org/tombstone/view?id=5083
BSH 125,https://sfira.org/tombstone/view?id=4337
BSH 126,https://sfira.org/tombstone/view?id=4338
RSK 723,https://sfira.org/tombstone/view?id=3998
BSH 482,https://sfira.org/tombstone/view?id=4707
BSH 513,https://sfira.org/tombstone/view?id=4738
RSK 452,https://sfira.org/tombstone/view?id=3709
BSH 127,https://sfira.org/tombstone/view?id=4339
BSH 413,https://sfira.org/tombstone/view?id=4635
BSH 654,https://sfira.org/tombstone/view?id=4879
BSH 781,https://sfira.org/tombstone/view?id=5006
BSH 973,https://sfira.org/tombstone/view?id=5199
BSH 2006a,https://sfira.org/tombstone/view?id=5335
BSH 363,https://sfira.org/tombstone/view?id=4584
BSH 416,https://sfira.org/tombstone/view?id=4638
RSK 26,https://sfira.org/tombstone/view?id=3267
RSK 40,https://sfira.org/tombstone/view?id=3280
RSK 43,https://sfira.org/tombstone/view?id=3283
RSK 52,https://sfira.org/tombstone/view?id=3292
RSK 60,https://sfira.org/tombstone/view?id=3300
RSK 95,https://sfira.org/tombstone/view?id=3337
RSK 98,https://sfira.org/tombstone/view?id=3340
RSK 262,https://sfira.org/tombstone/view?id=3513
RSK 325,https://sfira.org/tombstone/view?id=3579
RSK 410,https://sfira.org/tombstone/view?id=3664
RSK 463,https://sfira.org/tombstone/view?id=3720
RSK 520,https://sfira.org/tombstone/view?id=3778
RSK 531,https://sfira.org/tombstone/view?id=3790
RSK 623,https://sfira.org/tombstone/view?id=3890
RSK 625,https://sfira.org/tombstone/view?id=3892
RSK 724,https://sfira.org/tombstone/view?id=3999
RSK 806,https://sfira.org/tombstone/view?id=4081
RSK 830,https://sfira.org/tombstone/view?id=4106
RSK 855,https://sfira.org/tombstone/view?id=4132
RSK 861,https://sfira.org/tombstone/view?id=4138
BSH 84,https://sfira.org/tombstone/view?id=4294
BSH 216,https://sfira.org/tombstone/view?id=4432
BSH 254,https://sfira.org/tombstone/view?id=4473
BSH 306,https://sfira.org/tombstone/view?id=4525
BSH 335,https://sfira.org/tombstone/view?id=4554
BSH 371,https://sfira.org/tombstone/view?id=4593
BSH 441,https://sfira.org/tombstone/view?id=4666
BSH 458,https://sfira.org/tombstone/view?id=4683
BSH 471,https://sfira.org/tombstone/view?id=4696
BSH 484,https://sfira.org/tombstone/view?id=4709
BSH 672,https://sfira.org/tombstone/view?id=4897
BSH 807,https://sfira.org/tombstone/view?id=5032
BSH 1074,https://sfira.org/tombstone/view?id=5305
BSH 1079,https://sfira.org/tombstone/view?id=5312
BSH 3021,https://sfira.org/tombstone/view?id=5384
BSH 1026,https://sfira.org/tombstone/view?id=5253
BSH 706,https://sfira.org/tombstone/view?id=4931
RSK 374,https://sfira.org/tombstone/view?id=3629
BSH 352,https://sfira.org/tombstone/view?id=4572
BSH 3022,https://sfira.org/tombstone/view?id=5385
BSH 1056,https://sfira.org/tombstone/view?id=5284
BSH 825,https://sfira.org/tombstone/view?id=5050
BSH 378,https://sfira.org/tombstone/view?id=4600
BSH 877,https://sfira.org/tombstone/view?id=5102
BSH 365,https://sfira.org/tombstone/view?id=4586
BSH 3016,https://sfira.org/tombstone/view?id=5379
BSH 3024,https://sfira.org/tombstone/view?id=5387
BSH 246,https://sfira.org/tombstone/view?id=4465
BSH 2025,https://sfira.org/tombstone/view?id=5357
RSK 647,https://sfira.org/tombstone/view?id=3917
RSK 726,https://sfira.org/tombstone/view?id=4001
RSK 820,https://sfira.org/tombstone/view?id=4096
RSK 856,https://sfira.org/tombstone/view?id=4133
BSH 42,https://sfira.org/tombstone/view?id=4249
BSH 184,https://sfira.org/tombstone/view?id=4398
BSH 466,https://sfira.org/tombstone/view?id=4691
BSH 520,https://sfira.org/tombstone/view?id=4745
BSH 685,https://sfira.org/tombstone/view?id=4910
BSH 686,https://sfira.org/tombstone/view?id=4911
BSH 786,https://sfira.org/tombstone/view?id=5011
BSH 1043,https://sfira.org/tombstone/view?id=5271
RSK 595,https://sfira.org/tombstone/view?id=3861
BSH 49,https://sfira.org/tombstone/view?id=4256
BSH 284,https://sfira.org/tombstone/view?id=4503
BSH 622,https://sfira.org/tombstone/view?id=4847
BSH 497,https://sfira.org/tombstone/view?id=4722
BSH 619,https://sfira.org/tombstone/view?id=4844
BSH 396,https://sfira.org/tombstone/view?id=4618
BSH 426,https://sfira.org/tombstone/view?id=4649
BSH 703,https://sfira.org/tombstone/view?id=4928
BSH 13,https://sfira.org/tombstone/view?id=4218
BSH 710,https://sfira.org/tombstone/view?id=4935
RSK 174,https://sfira.org/tombstone/view?id=3420
RSK 254,https://sfira.org/tombstone/view?id=3505
RSK 41,https://sfira.org/tombstone/view?id=3281
RSK 44,https://sfira.org/tombstone/view?id=3284
BSH 241,https://sfira.org/tombstone/view?id=4460
BSH 418,https://sfira.org/tombstone/view?id=4641
BSH 573,https://sfira.org/tombstone/view?id=4798
BSH 1033,https://sfira.org/tombstone/view?id=5260
BSH 1075a,https://sfira.org/tombstone/view?id=5307
BSH 2001a,https://sfira.org/tombstone/view?id=5328
BSH 457,https://sfira.org/tombstone/view?id=4682
RSK 295,https://sfira.org/tombstone/view?id=3549
RSK 223,https://sfira.org/tombstone/view?id=3471
BSH 58,https://sfira.org/tombstone/view?id=4265
BSH 438a,https://sfira.org/tombstone/view?id=4662
BSH 779,https://sfira.org/tombstone/view?id=5004
BSH 892,https://sfira.org/tombstone/view?id=5117
BSH 957,https://sfira.org/tombstone/view?id=5183
LDZ 3014,https://sfira.org/tombstone/view?id=295
BSH 575,https://sfira.org/tombstone/view?id=4800
BSH 45,https://sfira.org/tombstone/view?id=4252
RSK 29,https://sfira.org/tombstone/view?id=3270
RSK 486,https://sfira.org/tombstone/view?id=3743
BSH 353,https://sfira.org/tombstone/view?id=4573
BSH 805,https://sfira.org/tombstone/view?id=5030
BSH 820,https://sfira.org/tombstone/view?id=5045
BSH 938,https://sfira.org/tombstone/view?id=5164
BSH 939,https://sfira.org/tombstone/view?id=5165
BSH 3002,https://sfira.org/tombstone/view?id=5365
BSH 328,https://sfira.org/tombstone/view?id=4547
BSH 862,https://sfira.org/tombstone/view?id=5087
BSH 1038,https://sfira.org/tombstone/view?id=5265
RSK 9,https://sfira.org/tombstone/view?id=3247
RSK 92,https://sfira.org/tombstone/view?id=3334
RSK 93,https://sfira.org/tombstone/view?id=3335
RSK 118,https://sfira.org/tombstone/view?id=3361
RSK 139,https://sfira.org/tombstone/view?id=3383
RSK 239,https://sfira.org/tombstone/view?id=3488
RSK 287,https://sfira.org/tombstone/view?id=3541
RSK 318,https://sfira.org/tombstone/view?id=3572
RSK 404,https://sfira.org/tombstone/view?id=3659
RSK 596,https://sfira.org/tombstone/view?id=3862
RSK 634,https://sfira.org/tombstone/view?id=3903
RSK 786,https://sfira.org/tombstone/view?id=4061
RSK 884a,https://sfira.org/tombstone/view?id=4161
RSK 885,https://sfira.org/tombstone/view?id=4162
BSH 3,https://sfira.org/tombstone/view?id=4207
BSH 116,https://sfira.org/tombstone/view?id=4327
BSH 440,https://sfira.org/tombstone/view?id=4664
BSH 554,https://sfira.org/tombstone/view?id=4779
BSH 809,https://sfira.org/tombstone/view?id=5034
BSH 849,https://sfira.org/tombstone/view?id=5074
BSH 859,https://sfira.org/tombstone/view?id=5084
RSK 216a,https://sfira.org/tombstone/view?id=3464
RSK 319,https://sfira.org/tombstone/view?id=3573
RSK 480,https://sfira.org/tombstone/view?id=3737
RSK 481,https://sfira.org/tombstone/view?id=3738
RSK 482,https://sfira.org/tombstone/view?id=3739
BSH 34,https://sfira.org/tombstone/view?id=4241
BSH 51,https://sfira.org/tombstone/view?id=4258
BSH 102,https://sfira.org/tombstone/view?id=4312
BSH 124,https://sfira.org/tombstone/view?id=4335
BSH 136,https://sfira.org/tombstone/view?id=4348
BSH 586,https://sfira.org/tombstone/view?id=4811
BSH 711,https://sfira.org/tombstone/view?id=4936
BSH 728,https://sfira.org/tombstone/view?id=4953
BSH 758,https://sfira.org/tombstone/view?id=4983
BSH 832,https://sfira.org/tombstone/view?id=5057
BSH 1071a,https://sfira.org/tombstone/view?id=5302
BSH 2022,https://sfira.org/tombstone/view?id=5352
BSH 228,https://sfira.org/tombstone/view?id=4444
BSH 783,https://sfira.org/tombstone/view?id=5008
BSH 186,https://sfira.org/tombstone/view?id=4400
BSH 187,https://sfira.org/tombstone/view?id=4401
BSH 452,https://sfira.org/tombstone/view?id=4677
BSH 675,https://sfira.org/tombstone/view?id=4900
BSH 998,https://sfira.org/tombstone/view?id=5225
LDZ 3046,https://sfira.org/tombstone/view?id=327
BSH 354,https://sfira.org/tombstone/view?id=4574
BSH 450,https://sfira.org/tombstone/view?id=4675
RSK 381,https://sfira.org/tombstone/view?id=3637
RSK 330,https://sfira.org/tombstone/view?id=3584
RSK 444,https://sfira.org/tombstone/view?id=3700
BSH 336,https://sfira.org/tombstone/view?id=4555
BSH 500,https://sfira.org/tombstone/view?id=4725
BSH 516,https://sfira.org/tombstone/view?id=4741
BSH 199,https://sfira.org/tombstone/view?id=4414
BSH 667,https://sfira.org/tombstone/view?id=4892
RSK 506,https://sfira.org/tombstone/view?id=3763
RSK 732,https://sfira.org/tombstone/view?id=4007
RSK 797,https://sfira.org/tombstone/view?id=4072
RSK 798,https://sfira.org/tombstone/view?id=4073
BSH 542,https://sfira.org/tombstone/view?id=4767
BSH 788,https://sfira.org/tombstone/view?id=5013
BSH 816,https://sfira.org/tombstone/view?id=5041
BSH 1022,https://sfira.org/tombstone/view?id=5249
BSH 882,https://sfira.org/tombstone/view?id=5107
RSK 560,https://sfira.org/tombstone/view?id=3822
BSH 624,https://sfira.org/tombstone/view?id=4849
BSH 894,https://sfira.org/tombstone/view?id=5119
RSK 414,https://sfira.org/tombstone/view?id=3669
RSK 219,https://sfira.org/tombstone/view?id=3467
BSH 755,https://sfira.org/tombstone/view?id=4980
RSK 12,https://sfira.org/tombstone/view?id=3253
BSH 295,https://sfira.org/tombstone/view?id=4514
BSH 417,https://sfira.org/tombstone/view?id=4640
BSH 442,https://sfira.org/tombstone/view?id=4667
BSH 693,https://sfira.org/tombstone/view?id=4918
BSH 960,https://sfira.org/tombstone/view?id=5186
BSH 979,https://sfira.org/tombstone/view?id=5205
BSH 1025,https://sfira.org/tombstone/view?id=5252
BSH 1029,https://sfira.org/tombstone/view?id=5256
BSH 1054,https://sfira.org/tombstone/view?id=5282
BSH 2005,https://sfira.org/tombstone/view?id=5333
RSK 794,https://sfira.org/tombstone/view?id=4069
BSH 123,https://sfira.org/tombstone/view?id=4334
BSH 930,https://sfira.org/tombstone/view?id=5156
BSH 866,https://sfira.org/tombstone/view?id=5091
BSH 614,https://sfira.org/tombstone/view?id=4839
RSK 154,https://sfira.org/tombstone/view?id=3400
RSK 652,https://sfira.org/tombstone/view?id=3922
RSK 526,https://sfira.org/tombstone/view?id=3784
RSK 528,https://sfira.org/tombstone/view?id=3787
RSK 887,https://sfira.org/tombstone/view?id=4164
BSH 422,https://sfira.org/tombstone/view?id=4645
BSH 538,https://sfira.org/tombstone/view?id=4763
BSH 551,https://sfira.org/tombstone/view?id=4776
BSH 968,https://sfira.org/tombstone/view?id=5194
BSH 1018,https://sfira.org/tombstone/view?id=5245
BSH 2003,https://sfira.org/tombstone/view?id=5331
BSH 3023,https://sfira.org/tombstone/view?id=5386
BSH 202,https://sfira.org/tombstone/view?id=4417
BSH 455,https://sfira.org/tombstone/view?id=4680
BSH 448,https://sfira.org/tombstone/view?id=4673
BSH 498,https://sfira.org/tombstone/view?id=4723
BSH 881,https://sfira.org/tombstone/view?id=5106
BSH 360,https://sfira.org/tombstone/view?id=4580
BSH 615,https://sfira.org/tombstone/view?id=4840
BSH 144,https://sfira.org/tombstone/view?id=4356
BSH 3001,https://sfira.org/tombstone/view?id=5364
BSH 1085,https://sfira.org/tombstone/view?id=5318
RSK 80,https://sfira.org/tombstone/view?id=3321
RSK 771,https://sfira.org/tombstone/view?id=4047
RSK 373,https://sfira.org/tombstone/view?id=3628
RSK 387,https://sfira.org/tombstone/view?id=3643
RSK 874,https://sfira.org/tombstone/view?id=4151
RSK 899,https://sfira.org/tombstone/view?id=4177
BSH 218,https://sfira.org/tombstone/view?id=4434
BSH 429,https://sfira.org/tombstone/view?id=4652
BSH 509,https://sfira.org/tombstone/view?id=4734
BSH 580,https://sfira.org/tombstone/view?id=4805
BSH 745,https://sfira.org/tombstone/view?id=4970
BSH 848,https://sfira.org/tombstone/view?id=5073
BSH 870,https://sfira.org/tombstone/view?id=5095
BSH 940,https://sfira.org/tombstone/view?id=5166
BSH 122,https://sfira.org/tombstone/view?id=4333
BSH 696,https://sfira.org/tombstone/view?id=4921
BSH 922,https://sfira.org/tombstone/view?id=5148
BSH 512,https://sfira.org/tombstone/view?id=4737
RSK 150,https://sfira.org/tombstone/view?id=3396
RSK 791,https://sfira.org/tombstone/view?id=4066
BSH 623,https://sfira.org/tombstone/view?id=4848
BSH 996,https://sfira.org/tombstone/view?id=5223
RSK 78,https://sfira.org/tombstone/view?id=3319
RSK 314,https://sfira.org/tombstone/view?id=3568
RSK 401,https://sfira.org/tombstone/view?id=3656
RSK 487,https://sfira.org/tombstone/view?id=3744
RSK 549,https://sfira.org/tombstone/view?id=3810
RSK 846,https://sfira.org/tombstone/view?id=4123
BSH 720,https://sfira.org/tombstone/view?id=4945
BSH 883,https://sfira.org/tombstone/view?id=5108
BSH 379,https://sfira.org/tombstone/view?id=4601
RSK 492,https://sfira.org/tombstone/view?id=3749
RSK 580,https://sfira.org/tombstone/view?id=3845
BSH 119,https://sfira.org/tombstone/view?id=4330
BSH 902,https://sfira.org/tombstone/view?id=5128
BSH 505,https://sfira.org/tombstone/view?id=4730
BSH 766,https://sfira.org/tombstone/view?id=4991
RSK 824,https://sfira.org/tombstone/view?id=4100
RSK 1,https://sfira.org/tombstone/view?id=3239
RSK 301,https://sfira.org/tombstone/view?id=3555
RSK 376,https://sfira.org/tombstone/view?id=3631
RSK 829,https://sfira.org/tombstone/view?id=4105
BSH 70,https://sfira.org/tombstone/view?id=4278
BSH 155,https://sfira.org/tombstone/view?id=4368
BSH 428,https://sfira.org/tombstone/view?id=4651
BSH 501,https://sfira.org/tombstone/view?id=4726
BSH 618,https://sfira.org/tombstone/view?id=4843
BSH 632,https://sfira.org/tombstone/view?id=4857
BSH 682,https://sfira.org/tombstone/view?id=4907
BSH 867,https://sfira.org/tombstone/view?id=5092
BSH 868,https://sfira.org/tombstone/view?id=5093
BSH 988,https://sfira.org/tombstone/view?id=5214
BSH 2013,https://sfira.org/tombstone/view?id=5343
BSH 226,https://sfira.org/tombstone/view?id=4442
RSK 195,https://sfira.org/tombstone/view?id=3442
RSK 181,https://sfira.org/tombstone/view?id=3427
RSK 324,https://sfira.org/tombstone/view?id=3578
BSH 237,https://sfira.org/tombstone/view?id=4455
BSH 582,https://sfira.org/tombstone/view?id=4807
BSH 48,https://sfira.org/tombstone/view?id=4255
BSH 244,https://sfira.org/tombstone/view?id=4463
RSK 375,https://sfira.org/tombstone/view?id=3630
BSH 287,https://sfira.org/tombstone/view?id=4506
BSH 2016,https://sfira.org/tombstone/view?id=5346
BSH 344,https://sfira.org/tombstone/view?id=4564
BSH 345,https://sfira.org/tombstone/view?id=4565
RSK 269,https://sfira.org/tombstone/view?id=3521
BSH 314,https://sfira.org/tombstone/view?id=4533
BSH 376,https://sfira.org/tombstone/view?id=4598
BSH 439,https://sfira.org/tombstone/view?id=4663
BSH 608,https://sfira.org/tombstone/view?id=4833
BSH 666,https://sfira.org/tombstone/view?id=4891
BSH 692,https://sfira.org/tombstone/view?id=4917
BSH 975,https://sfira.org/tombstone/view?id=5201
BSH 3026,https://sfira.org/tombstone/view?id=5389
BSH 224,https://sfira.org/tombstone/view?id=4440
BSH 765,https://sfira.org/tombstone/view?id=4990
BSH 165,https://sfira.org/tombstone/view?id=4379
BSH 407,https://sfira.org/tombstone/view?id=4629
BSH 861,https://sfira.org/tombstone/view?id=5086
BSH 372,https://sfira.org/tombstone/view?id=4594
BSH 577,https://sfira.org/tombstone/view?id=4802
BSH 555,https://sfira.org/tombstone/view?id=4780
BSH 349,https://sfira.org/tombstone/view?id=4569
BSH 635,https://sfira.org/tombstone/view?id=4860
BSH 251,https://sfira.org/tombstone/view?id=4470
BSH 192,https://sfira.org/tombstone/view?id=4406
BSH 193,https://sfira.org/tombstone/view?id=4407
RSK 104,https://sfira.org/tombstone/view?id=3346
BSH 630,https://sfira.org/tombstone/view?id=4855
BSH 869,https://sfira.org/tombstone/view?id=5094
BSH 637,https://sfira.org/tombstone/view?id=4862
BSH 641,https://sfira.org/tombstone/view?id=4866
BSH 401,https://sfira.org/tombstone/view?id=4623
RSK 157,https://sfira.org/tombstone/view?id=3403
RSK 213,https://sfira.org/tombstone/view?id=3460
RSK 300,https://sfira.org/tombstone/view?id=3554
RSK 361,https://sfira.org/tombstone/view?id=3616
RSK 365,https://sfira.org/tombstone/view?id=3620
BSH 342,https://sfira.org/tombstone/view?id=4561
BSH 828,https://sfira.org/tombstone/view?id=5053
BSH 993,https://sfira.org/tombstone/view?id=5220
BSH 1036,https://sfira.org/tombstone/view?id=5263
BSH 121,https://sfira.org/tombstone/view?id=4332
RSK 169,https://sfira.org/tombstone/view?id=3415
BSH 195,https://sfira.org/tombstone/view?id=4409
RSK 225,https://sfira.org/tombstone/view?id=3473
RSK 100,https://sfira.org/tombstone/view?id=3342
RSK 11,https://sfira.org/tombstone/view?id=3252
RSK 180,https://sfira.org/tombstone/view?id=3426
RSK 341a,https://sfira.org/tombstone/view?id=3596
RSK 473,https://sfira.org/tombstone/view?id=3730
RSK 644,https://sfira.org/tombstone/view?id=3914
RSK 876,https://sfira.org/tombstone/view?id=4153
BSH 170,https://sfira.org/tombstone/view?id=4384
BSH 412,https://sfira.org/tombstone/view?id=4634
BSH 489,https://sfira.org/tombstone/view?id=4714
BSH 987,https://sfira.org/tombstone/view?id=5213
BSH 1061,https://sfira.org/tombstone/view?id=5289
BSH 532,https://sfira.org/tombstone/view?id=4757
BSH 750,https://sfira.org/tombstone/view?id=4975
BSH 406,https://sfira.org/tombstone/view?id=4628
BSH 565,https://sfira.org/tombstone/view?id=4790
BSH 899,https://sfira.org/tombstone/view?id=5125
BSH 491,https://sfira.org/tombstone/view?id=4716
RSK 270,https://sfira.org/tombstone/view?id=3522
RSK 790,https://sfira.org/tombstone/view?id=4065
BSH 113,https://sfira.org/tombstone/view?id=4324
BSH 319,https://sfira.org/tombstone/view?id=4538
BSH 764,https://sfira.org/tombstone/view?id=4989
BSH 1067,https://sfira.org/tombstone/view?id=5295
BSH 473,https://sfira.org/tombstone/view?id=4698
BSH 784,https://sfira.org/tombstone/view?id=5009
BSH 134,https://sfira.org/tombstone/view?id=4346
BSH 233,https://sfira.org/tombstone/view?id=4450
RSK 234,https://sfira.org/tombstone/view?id=3483
RSK 521,https://sfira.org/tombstone/view?id=3779
RSK 264,https://sfira.org/tombstone/view?id=3515
RSK 333,https://sfira.org/tombstone/view?id=3587
RSK 413,https://sfira.org/tombstone/view?id=3668
RSK 462,https://sfira.org/tombstone/view?id=3719
RSK 464,https://sfira.org/tombstone/view?id=3721
RSK 518,https://sfira.org/tombstone/view?id=3776
RSK 693,https://sfira.org/tombstone/view?id=3965
RSK 746,https://sfira.org/tombstone/view?id=4022
BSH 227,https://sfira.org/tombstone/view?id=4443
BSH 281,https://sfira.org/tombstone/view?id=4500
BSH 434,https://sfira.org/tombstone/view?id=4657
BSH 487,https://sfira.org/tombstone/view?id=4712
BSH 504,https://sfira.org/tombstone/view?id=4729
BSH 511,https://sfira.org/tombstone/view?id=4736
BSH 596,https://sfira.org/tombstone/view?id=4821
BSH 646,https://sfira.org/tombstone/view?id=4871
BSH 655,https://sfira.org/tombstone/view?id=4880
BSH 674,https://sfira.org/tombstone/view?id=4899
BSH 737,https://sfira.org/tombstone/view?id=4962
BSH 749,https://sfira.org/tombstone/view?id=4974
BSH 789,https://sfira.org/tombstone/view?id=5014
BSH 893,https://sfira.org/tombstone/view?id=5118
BSH 906,https://sfira.org/tombstone/view?id=5132
BSH 913,https://sfira.org/tombstone/view?id=5139
BSH 915,https://sfira.org/tombstone/view?id=5141
BSH 991,https://sfira.org/tombstone/view?id=5218
BSH 1024,https://sfira.org/tombstone/view?id=5251
BSH 589,https://sfira.org/tombstone/view?id=4814
BSH 304,https://sfira.org/tombstone/view?id=4523
BSH 357,https://sfira.org/tombstone/view?id=4577
BSH 18,https://sfira.org/tombstone/view?id=4223
BSH 708,https://sfira.org/tombstone/view?id=4933
BSH 322,https://sfira.org/tombstone/view?id=4541
BSH 1055,https://sfira.org/tombstone/view?id=5283
BSH 71,https://sfira.org/tombstone/view?id=4279
BSH 175,https://sfira.org/tombstone/view?id=4389
BSH 564,https://sfira.org/tombstone/view?id=4789
BSH 515,https://sfira.org/tombstone/view?id=4740
BSH 700,https://sfira.org/tombstone/view?id=4925
BSH 803,https://sfira.org/tombstone/view?id=5028
RSK 1017,https://sfira.org/tombstone/view?id=4199
RSK 822,https://sfira.org/tombstone/view?id=4098
BSH 298,https://sfira.org/tombstone/view?id=4517
RSK 455,https://sfira.org/tombstone/view?id=3712
RSK 49,https://sfira.org/tombstone/view?id=3289
BSH 826,https://sfira.org/tombstone/view?id=5051
BSH 526,https://sfira.org/tombstone/view?id=4751
BSH 636,https://sfira.org/tombstone/view?id=4861
BSH 1003,https://sfira.org/tombstone/view?id=5230
RSK 577a,https://sfira.org/tombstone/view?id=3842
BSH 742,https://sfira.org/tombstone/view?id=4967
RSK 2,https://sfira.org/tombstone/view?id=3240
RSK 173,https://sfira.org/tombstone/view?id=3419
RSK 243a,https://sfira.org/tombstone/view?id=3493
RSK 292,https://sfira.org/tombstone/view?id=3546
RSK 303,https://sfira.org/tombstone/view?id=3557
RSK 304,https://sfira.org/tombstone/view?id=3558
RSK 399,https://sfira.org/tombstone/view?id=3654
RSK 402,https://sfira.org/tombstone/view?id=3657
RSK 494,https://sfira.org/tombstone/view?id=3751
RSK 525,https://sfira.org/tombstone/view?id=3783
RSK 534,https://sfira.org/tombstone/view?id=3793
RSK 543,https://sfira.org/tombstone/view?id=3803
RSK 545,https://sfira.org/tombstone/view?id=3805
RSK 792,https://sfira.org/tombstone/view?id=4067
BSH 179,https://sfira.org/tombstone/view?id=4393
BSH 206,https://sfira.org/tombstone/view?id=4422
BSH 297,https://sfira.org/tombstone/view?id=4516
BSH 358,https://sfira.org/tombstone/view?id=4578
BSH 524,https://sfira.org/tombstone/view?id=4749
BSH 613,https://sfira.org/tombstone/view?id=4838
BSH 718,https://sfira.org/tombstone/view?id=4943
BSH 952,https://sfira.org/tombstone/view?id=5178
BSH 1070,https://sfira.org/tombstone/view?id=5300
BSH 2002a,https://sfira.org/tombstone/view?id=5330
RSK 220,https://sfira.org/tombstone/view?id=3468
BSH 101,https://sfira.org/tombstone/view?id=4311
BSH 739,https://sfira.org/tombstone/view?id=4964
RSK 91,https://sfira.org/tombstone/view?id=3333
BSH 752,https://sfira.org/tombstone/view?id=4977
BSH 990,https://sfira.org/tombstone/view?id=5217
RSK 551,https://sfira.org/tombstone/view?id=3812
BSH 94,https://sfira.org/tombstone/view?id=4304
BSH 243,https://sfira.org/tombstone/view?id=4462
RSK 360,https://sfira.org/tombstone/view?id=3615
BSH 933,https://sfira.org/tombstone/view?id=5159
BSH 627,https://sfira.org/tombstone/view?id=4852
RSK 196,https://sfira.org/tombstone/view?id=3443
BSH 62,https://sfira.org/tombstone/view?id=4269
RSK 393,https://sfira.org/tombstone/view?id=3648
BSH 310,https://sfira.org/tombstone/view?id=4529
RSK 529,https://sfira.org/tombstone/view?id=3788
RSK 114,https://sfira.org/tombstone/view?id=3356
RSK 175,https://sfira.org/tombstone/view?id=3421
RSK 524,https://sfira.org/tombstone/view?id=3782
RSK 578,https://sfira.org/tombstone/view?id=3843
BSH 992,https://sfira.org/tombstone/view?id=5219
BSH 256,https://sfira.org/tombstone/view?id=4475
BSH 98,https://sfira.org/tombstone/view?id=4308
BSH 145,https://sfira.org/tombstone/view?id=4357
BSH 89,https://sfira.org/tombstone/view?id=4299
BSH 36,https://sfira.org/tombstone/view?id=4243
BSH 68,https://sfira.org/tombstone/view?id=4276
BSH 69,https://sfira.org/tombstone/view?id=4277
BSH 67,https://sfira.org/tombstone/view?id=4275
BSH 164,https://sfira.org/tombstone/view?id=4378
BSH 21,https://sfira.org/tombstone/view?id=4227
BSH 25,https://sfira.org/tombstone/view?id=4231
LDZ 3033,https://sfira.org/tombstone/view?id=314
BSH 602,https://sfira.org/tombstone/view?id=4827
BSH 1044,https://sfira.org/tombstone/view?id=5272
BSH 10a,https://sfira.org/tombstone/view?id=4215
LDZ 3023,https://sfira.org/tombstone/view?id=304
BSH 290,https://sfira.org/tombstone/view?id=4509
BSH 166,https://sfira.org/tombstone/view?id=4380
BSH 643,https://sfira.org/tombstone/view?id=4868
BSH 3004,https://sfira.org/tombstone/view?id=5367
BSH 44,https://sfira.org/tombstone/view?id=4251
BSH 39,https://sfira.org/tombstone/view?id=4246
BSH 26a,https://sfira.org/tombstone/view?id=4233
BSH 99,https://sfira.org/tombstone/view?id=4309
LDZ 3016,https://sfira.org/tombstone/view?id=297
LDZ 3008,https://sfira.org/tombstone/view?id=289
LDZ 3019,https://sfira.org/tombstone/view?id=300
LDZ 3030,https://sfira.org/tombstone/view?id=311
LDZ 3043,https://sfira.org/tombstone/view?id=324
BSH 156,https://sfira.org/tombstone/view?id=4369
BSH 210,https://sfira.org/tombstone/view?id=4426
BSH 95,https://sfira.org/tombstone/view?id=4305
LDZ 3044,https://sfira.org/tombstone/view?id=325
LDZ 3002,https://sfira.org/tombstone/view?id=283
BSH 148,https://sfira.org/tombstone/view?id=4360
BSH 293,https://sfira.org/tombstone/view?id=4512
LDZ 3003,https://sfira.org/tombstone/view?id=284
BSH 934,https://sfira.org/tombstone/view?id=5160
BSH 502,https://sfira.org/tombstone/view?id=4727
BSH 430,https://sfira.org/tombstone/view?id=4653
BSH 180,https://sfira.org/tombstone/view?id=4394
BSH 606,https://sfira.org/tombstone/view?id=4831
BSH 664,https://sfira.org/tombstone/view?id=4889
BSH 550,https://sfira.org/tombstone/view?id=4775
BSH 534,https://sfira.org/tombstone/view?id=4759
LDZ 3010,https://sfira.org/tombstone/view?id=291
LDZ 3037,https://sfira.org/tombstone/view?id=318
BSH 161,https://sfira.org/tombstone/view?id=4375
LDZ 3024,https://sfira.org/tombstone/view?id=305
BSH 2024,https://sfira.org/tombstone/view?id=5356
BSH 242,https://sfira.org/tombstone/view?id=4461
LDZ 3038,https://sfira.org/tombstone/view?id=319
BSH 962,https://sfira.org/tombstone/view?id=5188
LDZ 3018,https://sfira.org/tombstone/view?id=299
BSH 158,https://sfira.org/tombstone/view?id=4371
BSH 603,https://sfira.org/tombstone/view?id=4828
BSH 3015,https://sfira.org/tombstone/view?id=5378
BSH 162,https://sfira.org/tombstone/view?id=4376
BSH 171,https://sfira.org/tombstone/view?id=4385
LDZ 3005,https://sfira.org/tombstone/view?id=286
LDZ 3027,https://sfira.org/tombstone/view?id=308
BSH 54,https://sfira.org/tombstone/view?id=4261
BSH 55,https://sfira.org/tombstone/view?id=4262
LDZ 3048,https://sfira.org/tombstone/view?id=329
BSH 90,https://sfira.org/tombstone/view?id=4300
BSH 33,https://sfira.org/tombstone/view?id=4240
BSH 96,https://sfira.org/tombstone/view?id=4306
BSH 2009,https://sfira.org/tombstone/view?id=5338
LDZ 3045,https://sfira.org/tombstone/view?id=326
BSH 146,https://sfira.org/tombstone/view?id=4358
BSH 196,https://sfira.org/tombstone/view?id=4410
BSH 143,https://sfira.org/tombstone/view?id=4355
BSH 167,https://sfira.org/tombstone/view?id=4381
BSH 35,https://sfira.org/tombstone/view?id=4242
BSH 38,https://sfira.org/tombstone/view?id=4245
BSH 46,https://sfira.org/tombstone/view?id=4253
BSH 2,https://sfira.org/tombstone/view?id=4206
LDZ 3042,https://sfira.org/tombstone/view?id=323
BSH 53,https://sfira.org/tombstone/view?id=4260
BSH 346,https://sfira.org/tombstone/view?id=4566
BSH 169,https://sfira.org/tombstone/view?id=4383
BSH 209,https://sfira.org/tombstone/view?id=4425
BSH 20,https://sfira.org/tombstone/view?id=4226
LDZ 3049,https://sfira.org/tombstone/view?id=330
LDZ 3025,https://sfira.org/tombstone/view?id=306
LDZ 3039,https://sfira.org/tombstone/view?id=320
LDZ 3035,https://sfira.org/tombstone/view?id=316
BSH 159,https://sfira.org/tombstone/view?id=4372
BSH 141,https://sfira.org/tombstone/view?id=4353
LDZ 3009,https://sfira.org/tombstone/view?id=290
LDZ 3006,https://sfira.org/tombstone/view?id=287
BSH 163,https://sfira.org/tombstone/view?id=4377
BSH 2015,https://sfira.org/tombstone/view?id=5345
LDZ 3029,https://sfira.org/tombstone/view?id=310
LDZ 3022,https://sfira.org/tombstone/view?id=303
LDZ 3026,https://sfira.org/tombstone/view?id=307
LDZ 3007,https://sfira.org/tombstone/view?id=288
LDZ 3050,https://sfira.org/tombstone/view?id=331
LDZ 3028,https://sfira.org/tombstone/view?id=309
BSH 87,https://sfira.org/tombstone/view?id=4297
BSH 100,https://sfira.org/tombstone/view?id=4310
BSH 28,https://sfira.org/tombstone/view?id=4235
LDZ 3040,https://sfira.org/tombstone/view?id=321
LDZ 3015,https://sfira.org/tombstone/view?id=296
BSH 151,https://sfira.org/tombstone/view?id=4363
BSH 32,https://sfira.org/tombstone/view?id=4239
